-- MySQL dump 10.13  Distrib 5.7.27, for Linux (x86_64)
--
-- Host: localhost    Database: larabbs
-- ------------------------------------------------------
-- Server version	5.7.27-0ubuntu0.18.04.1

/*!40101 SET @OLD_CHARACTER_SET_CLIENT=@@CHARACTER_SET_CLIENT */;
/*!40101 SET @OLD_CHARACTER_SET_RESULTS=@@CHARACTER_SET_RESULTS */;
/*!40101 SET @OLD_COLLATION_CONNECTION=@@COLLATION_CONNECTION */;
/*!40101 SET NAMES utf8 */;
/*!40103 SET @OLD_TIME_ZONE=@@TIME_ZONE */;
/*!40103 SET TIME_ZONE='+00:00' */;
/*!40014 SET @OLD_UNIQUE_CHECKS=@@UNIQUE_CHECKS, UNIQUE_CHECKS=0 */;
/*!40014 SET @OLD_FOREIGN_KEY_CHECKS=@@FOREIGN_KEY_CHECKS, FOREIGN_KEY_CHECKS=0 */;
/*!40101 SET @OLD_SQL_MODE=@@SQL_MODE, SQL_MODE='NO_AUTO_VALUE_ON_ZERO' */;
/*!40111 SET @OLD_SQL_NOTES=@@SQL_NOTES, SQL_NOTES=0 */;

--
-- Table structure for table `article_types`
--

DROP TABLE IF EXISTS `article_types`;
/*!40101 SET @saved_cs_client     = @@character_set_client */;
/*!40101 SET character_set_client = utf8 */;
CREATE TABLE `article_types` (
  `id` int(10) unsigned NOT NULL AUTO_INCREMENT,
  `name` varchar(45) NOT NULL COMMENT '类型名',
  `created_at` datetime DEFAULT NULL,
  `updated_at` datetime DEFAULT NULL,
  PRIMARY KEY (`id`)
) ENGINE=InnoDB DEFAULT CHARSET=latin1;
/*!40101 SET character_set_client = @saved_cs_client */;

--
-- Dumping data for table `article_types`
--

LOCK TABLES `article_types` WRITE;
/*!40000 ALTER TABLE `article_types` DISABLE KEYS */;
/*!40000 ALTER TABLE `article_types` ENABLE KEYS */;
UNLOCK TABLES;

--
-- Table structure for table `articles`
--

DROP TABLE IF EXISTS `articles`;
/*!40101 SET @saved_cs_client     = @@character_set_client */;
/*!40101 SET character_set_client = utf8 */;
CREATE TABLE `articles` (
  `id` int(10) unsigned NOT NULL AUTO_INCREMENT,
  `title` varchar(45) NOT NULL COMMENT '标题',
  `keyword` varchar(45) NOT NULL COMMENT '关键字',
  `description` varchar(128) NOT NULL COMMENT '描述',
  `content` mediumtext NOT NULL COMMENT '文章内容',
  `type_id` int(11) NOT NULL COMMENT '文章类型',
  `read_count` int(11) DEFAULT '0' COMMENT '阅读次数',
  `user_id` int(11) NOT NULL COMMENT '上传用户',
  `created_at` datetime DEFAULT NULL,
  `updated_at` datetime DEFAULT NULL,
  PRIMARY KEY (`id`)
) ENGINE=InnoDB DEFAULT CHARSET=latin1;
/*!40101 SET character_set_client = @saved_cs_client */;

--
-- Dumping data for table `articles`
--

LOCK TABLES `articles` WRITE;
/*!40000 ALTER TABLE `articles` DISABLE KEYS */;
/*!40000 ALTER TABLE `articles` ENABLE KEYS */;
UNLOCK TABLES;

--
-- Table structure for table `categories`
--

DROP TABLE IF EXISTS `categories`;
/*!40101 SET @saved_cs_client     = @@character_set_client */;
/*!40101 SET character_set_client = utf8 */;
CREATE TABLE `categories` (
  `id` int(10) unsigned NOT NULL AUTO_INCREMENT,
  `name` varchar(255) COLLATE utf8mb4_unicode_ci NOT NULL COMMENT '名称',
  `description` text COLLATE utf8mb4_unicode_ci COMMENT '描述',
  `post_count` int(11) NOT NULL DEFAULT '0' COMMENT '帖子数',
  PRIMARY KEY (`id`),
  KEY `categories_name_index` (`name`)
) ENGINE=InnoDB AUTO_INCREMENT=5 DEFAULT CHARSET=utf8mb4 COLLATE=utf8mb4_unicode_ci;
/*!40101 SET character_set_client = @saved_cs_client */;

--
-- Dumping data for table `categories`
--

LOCK TABLES `categories` WRITE;
/*!40000 ALTER TABLE `categories` DISABLE KEYS */;
INSERT INTO `categories` VALUES (1,'分享','分享创造，分享发现',2),(2,'教程','开发技巧、推荐扩展包等',0),(3,'问答','请保持友善，互帮互助',0),(4,'公告','站点公告',0);
/*!40000 ALTER TABLE `categories` ENABLE KEYS */;
UNLOCK TABLES;

--
-- Table structure for table `failed_jobs`
--

DROP TABLE IF EXISTS `failed_jobs`;
/*!40101 SET @saved_cs_client     = @@character_set_client */;
/*!40101 SET character_set_client = utf8 */;
CREATE TABLE `failed_jobs` (
  `id` bigint(20) unsigned NOT NULL AUTO_INCREMENT,
  `connection` text COLLATE utf8mb4_unicode_ci NOT NULL,
  `queue` text COLLATE utf8mb4_unicode_ci NOT NULL,
  `payload` longtext COLLATE utf8mb4_unicode_ci NOT NULL,
  `exception` longtext COLLATE utf8mb4_unicode_ci NOT NULL,
  `failed_at` timestamp NOT NULL DEFAULT CURRENT_TIMESTAMP,
  PRIMARY KEY (`id`)
) ENGINE=InnoDB DEFAULT CHARSET=utf8mb4 COLLATE=utf8mb4_unicode_ci;
/*!40101 SET character_set_client = @saved_cs_client */;

--
-- Dumping data for table `failed_jobs`
--

LOCK TABLES `failed_jobs` WRITE;
/*!40000 ALTER TABLE `failed_jobs` DISABLE KEYS */;
/*!40000 ALTER TABLE `failed_jobs` ENABLE KEYS */;
UNLOCK TABLES;

--
-- Table structure for table `links`
--

DROP TABLE IF EXISTS `links`;
/*!40101 SET @saved_cs_client     = @@character_set_client */;
/*!40101 SET character_set_client = utf8 */;
CREATE TABLE `links` (
  `id` int(10) unsigned NOT NULL AUTO_INCREMENT,
  `title` varchar(255) COLLATE utf8mb4_unicode_ci NOT NULL COMMENT '资源的描述',
  `link` varchar(255) COLLATE utf8mb4_unicode_ci NOT NULL COMMENT '资源的链接',
  `created_at` timestamp NULL DEFAULT NULL,
  `updated_at` timestamp NULL DEFAULT NULL,
  PRIMARY KEY (`id`),
  KEY `links_title_index` (`title`),
  KEY `links_link_index` (`link`)
) ENGINE=InnoDB AUTO_INCREMENT=7 DEFAULT CHARSET=utf8mb4 COLLATE=utf8mb4_unicode_ci;
/*!40101 SET character_set_client = @saved_cs_client */;

--
-- Dumping data for table `links`
--

LOCK TABLES `links` WRITE;
/*!40000 ALTER TABLE `links` DISABLE KEYS */;
INSERT INTO `links` VALUES (1,'Billy Lang','http://www.koss.com/incidunt-consectetur-earum-eius-eos.html',NULL,NULL),(2,'Mrs. Erica Streich III','http://www.wilkinson.org/',NULL,NULL),(3,'Kody Graham','http://www.jones.com/reprehenderit-quae-non-dolore-debitis-optio',NULL,NULL),(4,'Maiya Reinger','http://mosciski.com/',NULL,NULL),(5,'Fredy Schuppe','http://pacocha.biz/recusandae-qui-quae-ea-explicabo-et',NULL,NULL),(6,'Thalia O\'Reilly IV','https://kunze.com/et-aut-rerum-reprehenderit-debitis-excepturi-reprehenderit.html',NULL,NULL);
/*!40000 ALTER TABLE `links` ENABLE KEYS */;
UNLOCK TABLES;

--
-- Table structure for table `migrations`
--

DROP TABLE IF EXISTS `migrations`;
/*!40101 SET @saved_cs_client     = @@character_set_client */;
/*!40101 SET character_set_client = utf8 */;
CREATE TABLE `migrations` (
  `id` int(10) unsigned NOT NULL AUTO_INCREMENT,
  `migration` varchar(255) COLLATE utf8mb4_unicode_ci NOT NULL,
  `batch` int(11) NOT NULL,
  PRIMARY KEY (`id`)
) ENGINE=InnoDB AUTO_INCREMENT=16 DEFAULT CHARSET=utf8mb4 COLLATE=utf8mb4_unicode_ci;
/*!40101 SET character_set_client = @saved_cs_client */;

--
-- Dumping data for table `migrations`
--

LOCK TABLES `migrations` WRITE;
/*!40000 ALTER TABLE `migrations` DISABLE KEYS */;
INSERT INTO `migrations` VALUES (1,'2014_10_12_000000_create_users_table',1),(2,'2014_10_12_100000_create_password_resets_table',1),(3,'2019_05_07_064359_add_avatar_and_introduction_to_users_table',1),(4,'2019_05_07_084252_create_categories_table',1),(5,'2019_05_07_085051_seed_categories_data',1),(6,'2019_05_07_085529_create_topics_table',1),(7,'2019_05_07_094624_create_failed_jobs_table',1),(8,'2019_05_07_095559_create_replies_table',1),(9,'2019_05_07_100418_create_notifications_table',1),(10,'2019_05_07_100431_add_notification_count_to_users_table',1),(11,'2019_05_07_103258_create_permission_tables',1),(12,'2019_05_07_103338_seed_roles_and_permissions_data',1),(13,'2019_05_07_115649_create_links_table',1),(14,'2019_05_07_121757_add_references',1),(15,'2019_05_07_122119_add_last_actived_at_to_users_table',1);
/*!40000 ALTER TABLE `migrations` ENABLE KEYS */;
UNLOCK TABLES;

--
-- Table structure for table `model_has_permissions`
--

DROP TABLE IF EXISTS `model_has_permissions`;
/*!40101 SET @saved_cs_client     = @@character_set_client */;
/*!40101 SET character_set_client = utf8 */;
CREATE TABLE `model_has_permissions` (
  `permission_id` int(10) unsigned NOT NULL,
  `model_type` varchar(255) COLLATE utf8mb4_unicode_ci NOT NULL,
  `model_id` bigint(20) unsigned NOT NULL,
  PRIMARY KEY (`permission_id`,`model_id`,`model_type`),
  KEY `model_has_permissions_model_id_model_type_index` (`model_id`,`model_type`),
  CONSTRAINT `model_has_permissions_permission_id_foreign` FOREIGN KEY (`permission_id`) REFERENCES `permissions` (`id`) ON DELETE CASCADE
) ENGINE=InnoDB DEFAULT CHARSET=utf8mb4 COLLATE=utf8mb4_unicode_ci;
/*!40101 SET character_set_client = @saved_cs_client */;

--
-- Dumping data for table `model_has_permissions`
--

LOCK TABLES `model_has_permissions` WRITE;
/*!40000 ALTER TABLE `model_has_permissions` DISABLE KEYS */;
/*!40000 ALTER TABLE `model_has_permissions` ENABLE KEYS */;
UNLOCK TABLES;

--
-- Table structure for table `model_has_roles`
--

DROP TABLE IF EXISTS `model_has_roles`;
/*!40101 SET @saved_cs_client     = @@character_set_client */;
/*!40101 SET character_set_client = utf8 */;
CREATE TABLE `model_has_roles` (
  `role_id` int(10) unsigned NOT NULL,
  `model_type` varchar(255) COLLATE utf8mb4_unicode_ci NOT NULL,
  `model_id` bigint(20) unsigned NOT NULL,
  PRIMARY KEY (`role_id`,`model_id`,`model_type`),
  KEY `model_has_roles_model_id_model_type_index` (`model_id`,`model_type`),
  CONSTRAINT `model_has_roles_role_id_foreign` FOREIGN KEY (`role_id`) REFERENCES `roles` (`id`) ON DELETE CASCADE
) ENGINE=InnoDB DEFAULT CHARSET=utf8mb4 COLLATE=utf8mb4_unicode_ci;
/*!40101 SET character_set_client = @saved_cs_client */;

--
-- Dumping data for table `model_has_roles`
--

LOCK TABLES `model_has_roles` WRITE;
/*!40000 ALTER TABLE `model_has_roles` DISABLE KEYS */;
INSERT INTO `model_has_roles` VALUES (1,'App\\Models\\User',1),(2,'App\\Models\\User',2);
/*!40000 ALTER TABLE `model_has_roles` ENABLE KEYS */;
UNLOCK TABLES;

--
-- Table structure for table `notifications`
--

DROP TABLE IF EXISTS `notifications`;
/*!40101 SET @saved_cs_client     = @@character_set_client */;
/*!40101 SET character_set_client = utf8 */;
CREATE TABLE `notifications` (
  `id` char(36) COLLATE utf8mb4_unicode_ci NOT NULL,
  `type` varchar(255) COLLATE utf8mb4_unicode_ci NOT NULL,
  `notifiable_type` varchar(255) COLLATE utf8mb4_unicode_ci NOT NULL,
  `notifiable_id` bigint(20) unsigned NOT NULL,
  `data` text COLLATE utf8mb4_unicode_ci NOT NULL,
  `read_at` timestamp NULL DEFAULT NULL,
  `created_at` timestamp NULL DEFAULT NULL,
  `updated_at` timestamp NULL DEFAULT NULL,
  PRIMARY KEY (`id`),
  KEY `notifications_notifiable_type_notifiable_id_index` (`notifiable_type`,`notifiable_id`)
) ENGINE=InnoDB DEFAULT CHARSET=utf8mb4 COLLATE=utf8mb4_unicode_ci;
/*!40101 SET character_set_client = @saved_cs_client */;

--
-- Dumping data for table `notifications`
--

LOCK TABLES `notifications` WRITE;
/*!40000 ALTER TABLE `notifications` DISABLE KEYS */;
/*!40000 ALTER TABLE `notifications` ENABLE KEYS */;
UNLOCK TABLES;

--
-- Table structure for table `password_resets`
--

DROP TABLE IF EXISTS `password_resets`;
/*!40101 SET @saved_cs_client     = @@character_set_client */;
/*!40101 SET character_set_client = utf8 */;
CREATE TABLE `password_resets` (
  `email` varchar(255) COLLATE utf8mb4_unicode_ci NOT NULL,
  `token` varchar(255) COLLATE utf8mb4_unicode_ci NOT NULL,
  `created_at` timestamp NULL DEFAULT NULL,
  KEY `password_resets_email_index` (`email`)
) ENGINE=InnoDB DEFAULT CHARSET=utf8mb4 COLLATE=utf8mb4_unicode_ci;
/*!40101 SET character_set_client = @saved_cs_client */;

--
-- Dumping data for table `password_resets`
--

LOCK TABLES `password_resets` WRITE;
/*!40000 ALTER TABLE `password_resets` DISABLE KEYS */;
/*!40000 ALTER TABLE `password_resets` ENABLE KEYS */;
UNLOCK TABLES;

--
-- Table structure for table `permissions`
--

DROP TABLE IF EXISTS `permissions`;
/*!40101 SET @saved_cs_client     = @@character_set_client */;
/*!40101 SET character_set_client = utf8 */;
CREATE TABLE `permissions` (
  `id` int(10) unsigned NOT NULL AUTO_INCREMENT,
  `name` varchar(255) COLLATE utf8mb4_unicode_ci NOT NULL,
  `guard_name` varchar(255) COLLATE utf8mb4_unicode_ci NOT NULL,
  `created_at` timestamp NULL DEFAULT NULL,
  `updated_at` timestamp NULL DEFAULT NULL,
  PRIMARY KEY (`id`)
) ENGINE=InnoDB AUTO_INCREMENT=4 DEFAULT CHARSET=utf8mb4 COLLATE=utf8mb4_unicode_ci;
/*!40101 SET character_set_client = @saved_cs_client */;

--
-- Dumping data for table `permissions`
--

LOCK TABLES `permissions` WRITE;
/*!40000 ALTER TABLE `permissions` DISABLE KEYS */;
INSERT INTO `permissions` VALUES (1,'manage_contents','web','2019-07-25 07:24:56','2019-07-25 07:24:56'),(2,'manage_users','web','2019-07-25 07:24:57','2019-07-25 07:24:57'),(3,'edit_settings','web','2019-07-25 07:24:57','2019-07-25 07:24:57');
/*!40000 ALTER TABLE `permissions` ENABLE KEYS */;
UNLOCK TABLES;

--
-- Table structure for table `replies`
--

DROP TABLE IF EXISTS `replies`;
/*!40101 SET @saved_cs_client     = @@character_set_client */;
/*!40101 SET character_set_client = utf8 */;
CREATE TABLE `replies` (
  `id` int(10) unsigned NOT NULL AUTO_INCREMENT,
  `topic_id` int(10) unsigned NOT NULL DEFAULT '0',
  `user_id` bigint(20) unsigned NOT NULL DEFAULT '0',
  `content` text COLLATE utf8mb4_unicode_ci NOT NULL,
  `created_at` timestamp NULL DEFAULT NULL,
  `updated_at` timestamp NULL DEFAULT NULL,
  PRIMARY KEY (`id`),
  KEY `replies_topic_id_index` (`topic_id`),
  KEY `replies_user_id_index` (`user_id`),
  CONSTRAINT `replies_topic_id_foreign` FOREIGN KEY (`topic_id`) REFERENCES `topics` (`id`) ON DELETE CASCADE,
  CONSTRAINT `replies_user_id_foreign` FOREIGN KEY (`user_id`) REFERENCES `users` (`id`) ON DELETE CASCADE
) ENGINE=InnoDB AUTO_INCREMENT=1001 DEFAULT CHARSET=utf8mb4 COLLATE=utf8mb4_unicode_ci;
/*!40101 SET character_set_client = @saved_cs_client */;

--
-- Dumping data for table `replies`
--

LOCK TABLES `replies` WRITE;
/*!40000 ALTER TABLE `replies` DISABLE KEYS */;
INSERT INTO `replies` VALUES (1,56,3,'Et consequuntur nihil iure dolorum.','2019-07-18 11:19:30','2019-07-18 11:19:30'),(2,9,2,'Vitae voluptates dolorem sed quo.','2019-07-11 03:48:00','2019-07-11 03:48:00'),(3,49,6,'Tempore ab molestiae ut nulla omnis ut molestiae.','2019-06-26 17:25:50','2019-06-26 17:25:50'),(4,31,2,'Quis ea earum quam enim.','2019-06-27 13:49:20','2019-06-27 13:49:20'),(5,6,6,'Eligendi enim fugiat omnis laboriosam quia.','2019-07-07 17:23:22','2019-07-07 17:23:22'),(6,35,4,'Dolorem in est officiis blanditiis.','2019-07-15 14:31:09','2019-07-15 14:31:09'),(7,38,4,'Enim nobis et dolores harum.','2019-07-12 13:52:05','2019-07-12 13:52:05'),(8,93,2,'Maiores cumque vel ut incidunt.','2019-06-28 19:44:55','2019-06-28 19:44:55'),(9,51,3,'Nulla voluptas nostrum aut molestiae voluptatem autem consequatur.','2019-06-27 08:56:45','2019-06-27 08:56:45'),(10,88,4,'Id et cumque illo aut.','2019-06-26 19:32:55','2019-06-26 19:32:55'),(11,84,7,'Et quod ratione est quas voluptatem.','2019-06-27 10:50:09','2019-06-27 10:50:09'),(12,24,4,'Tempore assumenda incidunt aut laboriosam.','2019-07-08 07:49:36','2019-07-08 07:49:36'),(13,23,10,'Praesentium dolorem eveniet consequatur libero reiciendis quas id.','2019-07-06 11:45:07','2019-07-06 11:45:07'),(14,92,4,'Magni possimus aliquam distinctio in dolorem odit quidem.','2019-07-23 17:39:34','2019-07-23 17:39:34'),(15,68,9,'Odit nulla alias atque.','2019-07-19 07:51:06','2019-07-19 07:51:06'),(16,56,6,'Nobis sint possimus eius facere itaque voluptatem.','2019-07-19 12:28:45','2019-07-19 12:28:45'),(17,3,2,'Mollitia assumenda rerum magnam pariatur rerum eligendi.','2019-07-14 06:52:03','2019-07-14 06:52:03'),(18,53,10,'Quasi nobis vel illum unde at at.','2019-07-04 10:31:58','2019-07-04 10:31:58'),(19,58,9,'Et ut quod excepturi reiciendis et.','2019-07-21 15:14:16','2019-07-21 15:14:16'),(20,1,10,'Aut culpa et vel nulla quisquam sed quo.','2019-07-08 11:22:44','2019-07-08 11:22:44'),(21,90,7,'Dolores soluta aut maxime suscipit earum sunt itaque.','2019-07-12 12:37:54','2019-07-12 12:37:54'),(22,31,5,'Quos voluptatum non numquam animi ea.','2019-07-08 20:01:56','2019-07-08 20:01:56'),(23,23,10,'Aperiam illum debitis atque maiores ut excepturi eligendi deleniti.','2019-07-10 08:27:46','2019-07-10 08:27:46'),(24,84,4,'Et quaerat cupiditate illum totam dolorum blanditiis officiis.','2019-06-27 19:22:51','2019-06-27 19:22:51'),(25,16,6,'Voluptatem nisi inventore reiciendis.','2019-06-27 16:57:07','2019-06-27 16:57:07'),(26,51,7,'Ducimus perspiciatis hic voluptas voluptatum sint doloribus eius.','2019-06-27 06:00:28','2019-06-27 06:00:28'),(27,43,10,'Qui enim ipsum sunt sed.','2019-06-27 18:13:54','2019-06-27 18:13:54'),(28,77,10,'Et excepturi natus ad architecto.','2019-07-03 05:47:36','2019-07-03 05:47:36'),(29,31,9,'Officia sit facilis ipsa distinctio.','2019-07-06 21:47:49','2019-07-06 21:47:49'),(30,92,9,'Quae voluptas corrupti sapiente et beatae non.','2019-06-28 23:03:53','2019-06-28 23:03:53'),(31,95,3,'Accusamus dignissimos totam esse voluptate.','2019-07-11 03:53:30','2019-07-11 03:53:30'),(32,89,2,'Qui ipsa temporibus non nihil.','2019-07-13 15:45:34','2019-07-13 15:45:34'),(33,78,9,'Eligendi ut soluta illo esse consequatur.','2019-07-08 07:15:43','2019-07-08 07:15:43'),(34,37,7,'Molestias ad eligendi consequatur vel dolor sit saepe rem.','2019-06-29 20:31:45','2019-06-29 20:31:45'),(35,86,6,'Fuga asperiores recusandae quo vel iure qui.','2019-07-11 08:01:23','2019-07-11 08:01:23'),(36,57,10,'Minus delectus libero rem ea ratione nulla modi.','2019-07-13 06:23:13','2019-07-13 06:23:13'),(37,68,3,'Temporibus quisquam saepe ducimus id ut id exercitationem.','2019-07-13 04:50:06','2019-07-13 04:50:06'),(38,25,10,'Enim quia id alias iste non.','2019-07-12 14:26:10','2019-07-12 14:26:10'),(39,46,5,'Officiis qui ea est laudantium corrupti in accusamus.','2019-07-16 06:31:50','2019-07-16 06:31:50'),(40,47,2,'In expedita fuga maxime corporis unde sint nobis impedit.','2019-06-25 22:17:34','2019-06-25 22:17:34'),(41,33,5,'Eveniet libero unde explicabo nemo nesciunt.','2019-07-13 12:16:56','2019-07-13 12:16:56'),(42,80,7,'Vero illo sequi velit aliquam aut.','2019-07-17 19:19:47','2019-07-17 19:19:47'),(43,33,5,'Dignissimos omnis omnis occaecati omnis non.','2019-07-24 16:05:53','2019-07-24 16:05:53'),(44,18,1,'Dolores repellat occaecati incidunt in illo.','2019-07-22 00:23:41','2019-07-22 00:23:41'),(45,71,1,'Corrupti architecto non eligendi repellat ex.','2019-07-06 21:55:32','2019-07-06 21:55:32'),(46,29,3,'Aut et illo consequatur sed.','2019-07-12 11:18:48','2019-07-12 11:18:48'),(47,44,6,'Et qui quibusdam qui omnis omnis expedita.','2019-06-28 12:17:40','2019-06-28 12:17:40'),(48,65,7,'Repudiandae ut cum quis alias laborum.','2019-07-06 03:30:14','2019-07-06 03:30:14'),(49,61,4,'Consequuntur animi voluptatem eligendi suscipit.','2019-07-13 17:14:14','2019-07-13 17:14:14'),(50,97,1,'Sit eligendi aut ut soluta commodi sapiente ipsa.','2019-07-15 14:44:26','2019-07-15 14:44:26'),(51,55,3,'Numquam eum officia aut harum.','2019-07-22 20:50:34','2019-07-22 20:50:34'),(52,63,3,'Modi expedita quis iusto eos.','2019-07-17 08:01:00','2019-07-17 08:01:00'),(53,54,10,'Aspernatur alias sint rerum est.','2019-07-12 23:04:42','2019-07-12 23:04:42'),(54,80,7,'Placeat aut inventore cum asperiores.','2019-07-22 17:03:33','2019-07-22 17:03:33'),(55,14,3,'Dicta est sunt quas qui rem consequuntur.','2019-07-14 09:41:23','2019-07-14 09:41:23'),(56,48,7,'Vel quis numquam magnam ipsa tempora sint.','2019-07-10 19:11:07','2019-07-10 19:11:07'),(57,84,4,'Ea est hic vero fugit minus.','2019-07-11 16:26:14','2019-07-11 16:26:14'),(58,17,10,'Odio non magni corporis.','2019-07-24 08:21:16','2019-07-24 08:21:16'),(59,66,2,'Est culpa et non illum excepturi.','2019-07-15 18:34:57','2019-07-15 18:34:57'),(60,81,2,'Necessitatibus eum distinctio omnis quasi pariatur et.','2019-07-20 00:52:17','2019-07-20 00:52:17'),(61,18,2,'Omnis sit sapiente facilis et.','2019-07-07 19:34:25','2019-07-07 19:34:25'),(62,16,4,'In qui qui ipsum ut.','2019-07-14 00:09:00','2019-07-14 00:09:00'),(63,17,7,'Veniam eos dicta est vero consequuntur.','2019-07-13 00:18:47','2019-07-13 00:18:47'),(64,61,7,'Vel repudiandae ab voluptatem non.','2019-07-23 04:44:24','2019-07-23 04:44:24'),(65,39,5,'Blanditiis ab nihil quo fugit veniam omnis odit.','2019-07-13 16:41:54','2019-07-13 16:41:54'),(66,22,4,'Ea delectus quod voluptatem repellendus tempore adipisci labore.','2019-07-17 10:56:29','2019-07-17 10:56:29'),(67,50,7,'Reprehenderit impedit eos sit quasi est.','2019-07-17 16:47:21','2019-07-17 16:47:21'),(68,4,3,'Corrupti sint quis natus eos.','2019-07-22 01:26:40','2019-07-22 01:26:40'),(69,17,7,'Esse qui nobis voluptas aut provident ut.','2019-07-22 11:53:47','2019-07-22 11:53:47'),(70,70,2,'Iusto expedita rerum molestias quia numquam porro.','2019-06-26 15:24:36','2019-06-26 15:24:36'),(71,89,1,'Molestiae enim dolorum delectus cum et nam fuga.','2019-07-10 21:42:02','2019-07-10 21:42:02'),(72,83,3,'Voluptatem qui vel atque perferendis ut et omnis ut.','2019-06-30 20:22:50','2019-06-30 20:22:50'),(73,53,10,'Occaecati omnis optio voluptatem eveniet hic repellat.','2019-07-21 23:38:33','2019-07-21 23:38:33'),(74,79,8,'Quia est aut amet omnis harum voluptas.','2019-07-07 04:35:58','2019-07-07 04:35:58'),(75,82,9,'Ut in minus aut.','2019-07-05 18:09:55','2019-07-05 18:09:55'),(76,60,1,'Rem ad accusantium et aut.','2019-07-25 01:38:03','2019-07-25 01:38:03'),(77,67,3,'Enim ullam quos nihil repellendus quia temporibus.','2019-07-21 15:20:17','2019-07-21 15:20:17'),(78,60,9,'Tenetur sequi explicabo veniam dolorem velit officia natus.','2019-07-10 05:00:37','2019-07-10 05:00:37'),(79,19,3,'Dolorum omnis error aut ipsam cum.','2019-07-23 03:46:19','2019-07-23 03:46:19'),(80,36,8,'Soluta sed nobis aut.','2019-07-04 07:37:50','2019-07-04 07:37:50'),(81,45,1,'Qui corporis omnis ea omnis at.','2019-07-17 22:07:58','2019-07-17 22:07:58'),(82,55,7,'Cumque voluptatum dolorem ut fuga.','2019-07-04 09:09:40','2019-07-04 09:09:40'),(83,40,1,'Quia non ratione molestiae quia consequatur asperiores.','2019-06-26 03:14:01','2019-06-26 03:14:01'),(84,5,10,'Et minus sit eius ab.','2019-07-08 11:22:19','2019-07-08 11:22:19'),(85,90,9,'Rerum facere aut temporibus itaque consequatur omnis illum.','2019-07-02 11:10:59','2019-07-02 11:10:59'),(86,80,4,'Repellat beatae et veniam.','2019-07-18 06:19:53','2019-07-18 06:19:53'),(87,31,6,'Reiciendis consequatur repellendus ullam aperiam maiores qui sit asperiores.','2019-07-21 01:08:29','2019-07-21 01:08:29'),(88,99,6,'Unde vitae eum iste aut corrupti et.','2019-07-07 21:09:49','2019-07-07 21:09:49'),(89,17,6,'Sed et impedit atque.','2019-07-14 04:45:40','2019-07-14 04:45:40'),(90,31,4,'Non maxime provident dolor consequatur odio autem eveniet.','2019-07-09 02:53:38','2019-07-09 02:53:38'),(91,80,7,'Quia est dolor fuga quia architecto impedit.','2019-07-14 10:39:02','2019-07-14 10:39:02'),(92,7,3,'Totam sunt explicabo suscipit consequatur eligendi maiores.','2019-07-21 01:32:44','2019-07-21 01:32:44'),(93,42,6,'Ullam eaque asperiores incidunt ex.','2019-07-01 14:59:44','2019-07-01 14:59:44'),(94,33,4,'Quis molestias repellat perspiciatis doloremque fugit expedita voluptates ducimus.','2019-07-14 09:38:03','2019-07-14 09:38:03'),(95,9,3,'Et et sit nulla consequuntur est.','2019-06-29 02:41:22','2019-06-29 02:41:22'),(96,15,9,'Recusandae dolore doloribus sapiente modi deleniti quas vitae est.','2019-07-19 07:15:20','2019-07-19 07:15:20'),(97,72,4,'Magni expedita maxime quia ipsa aut.','2019-07-18 19:03:24','2019-07-18 19:03:24'),(98,69,4,'Dolor a corporis quos non.','2019-07-21 15:40:40','2019-07-21 15:40:40'),(99,29,9,'Est consequatur odit quo sint inventore culpa deserunt architecto.','2019-07-25 05:43:04','2019-07-25 05:43:04'),(100,82,7,'Distinctio a labore aliquid minus.','2019-07-06 01:51:59','2019-07-06 01:51:59'),(101,62,9,'Est praesentium sed sequi vero.','2019-07-08 02:05:01','2019-07-08 02:05:01'),(102,71,8,'Voluptatum possimus quia quidem consequatur vel eius.','2019-07-20 18:57:45','2019-07-20 18:57:45'),(103,23,2,'Hic nesciunt laudantium unde ab numquam rerum ipsam.','2019-06-29 09:23:33','2019-06-29 09:23:33'),(104,45,6,'Rerum a dolorum et dolores quia quaerat.','2019-07-10 07:11:27','2019-07-10 07:11:27'),(105,53,2,'Minus rerum in suscipit ipsam.','2019-07-15 11:31:22','2019-07-15 11:31:22'),(106,41,7,'Quia aliquid unde et odit voluptates.','2019-07-06 13:12:09','2019-07-06 13:12:09'),(107,66,7,'Placeat ut dolorem beatae quibusdam est eius.','2019-07-08 10:44:42','2019-07-08 10:44:42'),(108,6,2,'Sed voluptas nam vel.','2019-07-12 15:06:59','2019-07-12 15:06:59'),(109,4,6,'Dolores qui dolorum distinctio libero officia.','2019-07-17 04:04:28','2019-07-17 04:04:28'),(110,47,3,'Assumenda quisquam adipisci quibusdam in eaque.','2019-07-17 06:16:37','2019-07-17 06:16:37'),(111,82,3,'Nam explicabo non aut et.','2019-07-20 06:01:19','2019-07-20 06:01:19'),(112,55,9,'Commodi laborum et consequuntur id expedita consequuntur.','2019-07-18 15:58:27','2019-07-18 15:58:27'),(113,89,2,'In delectus et quo quas non.','2019-07-18 19:10:03','2019-07-18 19:10:03'),(114,13,2,'Rerum cum hic et et odit est.','2019-07-17 07:22:42','2019-07-17 07:22:42'),(115,66,2,'Aliquid qui quia veritatis sapiente aut blanditiis exercitationem.','2019-06-26 10:22:12','2019-06-26 10:22:12'),(116,41,2,'Mollitia sapiente voluptas omnis excepturi cum illum possimus.','2019-07-11 11:58:02','2019-07-11 11:58:02'),(117,1,4,'Rerum ut nemo occaecati culpa soluta nemo.','2019-06-29 14:31:25','2019-06-29 14:31:25'),(118,92,4,'Laboriosam qui voluptate sit recusandae.','2019-07-08 15:24:43','2019-07-08 15:24:43'),(119,64,2,'Qui numquam maiores incidunt a dolores in.','2019-06-25 13:35:09','2019-06-25 13:35:09'),(120,42,6,'Blanditiis illum architecto repellendus doloremque.','2019-07-22 19:54:43','2019-07-22 19:54:43'),(121,94,4,'Et a dicta distinctio expedita consequatur velit numquam.','2019-06-26 20:01:36','2019-06-26 20:01:36'),(122,94,1,'Quas et est est voluptatem recusandae.','2019-07-21 17:15:47','2019-07-21 17:15:47'),(123,55,4,'Rerum est vel omnis iste quibusdam quo.','2019-07-20 07:08:49','2019-07-20 07:08:49'),(124,86,10,'Error a esse molestias est quibusdam necessitatibus recusandae.','2019-07-05 18:11:20','2019-07-05 18:11:20'),(125,16,4,'Quis similique ad ut est exercitationem et nihil.','2019-07-06 11:36:39','2019-07-06 11:36:39'),(126,86,6,'Voluptas rerum sint ab quidem.','2019-07-08 13:53:43','2019-07-08 13:53:43'),(127,80,7,'Quae sed sunt atque ipsum.','2019-07-23 12:28:56','2019-07-23 12:28:56'),(128,99,7,'Nihil voluptate eius tempore veniam et.','2019-07-05 13:44:21','2019-07-05 13:44:21'),(129,43,9,'Nemo officiis atque vero corrupti quisquam odio.','2019-07-05 13:35:05','2019-07-05 13:35:05'),(130,79,5,'Quia reiciendis qui sed quasi blanditiis ut.','2019-07-08 09:19:10','2019-07-08 09:19:10'),(131,55,6,'Quo odio repellat reiciendis.','2019-07-08 14:51:28','2019-07-08 14:51:28'),(132,18,4,'Qui quia deserunt perferendis nostrum fugit.','2019-07-18 22:38:37','2019-07-18 22:38:37'),(133,57,1,'Amet in totam commodi alias perferendis tempore velit.','2019-07-16 12:39:42','2019-07-16 12:39:42'),(134,42,9,'Dolore eveniet ut iste sint aliquid deleniti.','2019-07-13 12:22:23','2019-07-13 12:22:23'),(135,28,4,'Animi rerum quisquam quis quia in laboriosam.','2019-07-09 07:45:37','2019-07-09 07:45:37'),(136,58,7,'Deleniti molestias veritatis est temporibus ipsam est saepe.','2019-07-20 21:51:56','2019-07-20 21:51:56'),(137,30,9,'Quo et voluptatum minima provident explicabo est nisi.','2019-07-17 01:41:09','2019-07-17 01:41:09'),(138,98,2,'Esse deleniti architecto consequatur totam ipsum eos quam.','2019-07-14 10:10:02','2019-07-14 10:10:02'),(139,100,3,'Molestiae ipsa corporis sapiente quod voluptates.','2019-07-18 11:39:19','2019-07-18 11:39:19'),(140,42,8,'Fugiat quidem tempora accusamus est iure doloribus reiciendis.','2019-07-07 22:04:24','2019-07-07 22:04:24'),(141,40,10,'Enim accusantium et ducimus corrupti quis.','2019-07-13 09:45:37','2019-07-13 09:45:37'),(142,49,10,'Pariatur aliquid ut ab qui autem quasi dolores.','2019-07-07 15:07:46','2019-07-07 15:07:46'),(143,65,4,'Qui modi pariatur vel inventore ipsum doloremque.','2019-07-06 19:15:28','2019-07-06 19:15:28'),(144,98,7,'Amet reprehenderit vero deleniti doloribus qui exercitationem sint tempore.','2019-07-05 03:41:31','2019-07-05 03:41:31'),(145,72,3,'Aut numquam nulla rem.','2019-07-10 01:01:52','2019-07-10 01:01:52'),(146,22,10,'Quos similique eligendi quas illo eligendi praesentium sed.','2019-07-01 02:16:01','2019-07-01 02:16:01'),(147,50,8,'Quia voluptatem ut earum.','2019-07-22 18:09:35','2019-07-22 18:09:35'),(148,68,7,'Inventore in aut quo praesentium autem et repellat.','2019-07-10 04:25:08','2019-07-10 04:25:08'),(149,66,10,'Sequi maxime cumque ducimus.','2019-07-11 00:43:14','2019-07-11 00:43:14'),(150,32,4,'Omnis asperiores in quia consectetur aliquid.','2019-07-15 11:05:29','2019-07-15 11:05:29'),(151,7,5,'Voluptatibus libero nam soluta consectetur debitis.','2019-07-02 02:28:24','2019-07-02 02:28:24'),(152,29,5,'Consequatur non eum nihil.','2019-06-26 05:20:50','2019-06-26 05:20:50'),(153,26,4,'Ipsa doloribus consequatur neque doloremque.','2019-07-07 06:29:56','2019-07-07 06:29:56'),(154,83,9,'Recusandae provident architecto ea qui consectetur.','2019-07-23 13:28:11','2019-07-23 13:28:11'),(155,75,8,'In expedita officiis est eveniet non cupiditate.','2019-07-06 20:18:43','2019-07-06 20:18:43'),(156,9,8,'In excepturi eos architecto incidunt quia quo nostrum nemo.','2019-07-12 11:10:13','2019-07-12 11:10:13'),(157,57,7,'Assumenda earum facere veniam qui dolorem.','2019-07-11 04:45:43','2019-07-11 04:45:43'),(158,26,10,'Corporis vel non non accusantium deserunt illo qui ab.','2019-07-16 12:02:11','2019-07-16 12:02:11'),(159,35,2,'Occaecati iste sit et omnis vel.','2019-07-03 04:39:23','2019-07-03 04:39:23'),(160,52,5,'Qui molestiae et ducimus maxime laboriosam sint exercitationem.','2019-07-08 12:22:44','2019-07-08 12:22:44'),(161,3,10,'Ipsum aut pariatur in quas deleniti corrupti.','2019-06-29 06:47:29','2019-06-29 06:47:29'),(162,87,1,'At modi sit et.','2019-07-16 03:20:26','2019-07-16 03:20:26'),(163,92,10,'Ex autem odio voluptatibus fugiat voluptatem.','2019-06-28 13:45:02','2019-06-28 13:45:02'),(164,84,2,'Voluptas repellendus dolores dolor at nesciunt.','2019-07-02 12:43:07','2019-07-02 12:43:07'),(165,43,10,'Et occaecati quod autem mollitia amet quod.','2019-07-04 03:59:36','2019-07-04 03:59:36'),(166,9,5,'Amet accusamus natus doloribus aut explicabo sit.','2019-06-26 05:58:13','2019-06-26 05:58:13'),(167,93,8,'Dolores id consequatur aspernatur sit qui cum quaerat.','2019-07-17 14:11:44','2019-07-17 14:11:44'),(168,15,2,'Sint hic tempora ut.','2019-06-28 10:04:05','2019-06-28 10:04:05'),(169,77,8,'Omnis vel ut quam.','2019-07-24 07:50:26','2019-07-24 07:50:26'),(170,83,9,'Blanditiis et excepturi debitis ab et.','2019-06-26 14:39:52','2019-06-26 14:39:52'),(171,48,10,'Beatae quidem qui dolor.','2019-07-17 14:21:17','2019-07-17 14:21:17'),(172,19,8,'Magnam consequatur nesciunt quo labore.','2019-07-16 12:24:29','2019-07-16 12:24:29'),(173,96,10,'Et porro consequatur accusantium qui ut tempora assumenda aperiam.','2019-07-10 16:26:18','2019-07-10 16:26:18'),(174,51,9,'Pariatur voluptatem quia ut dolorem.','2019-07-10 22:23:24','2019-07-10 22:23:24'),(175,11,1,'Dolorum omnis nobis eos sequi aperiam dignissimos quia.','2019-06-29 22:54:14','2019-06-29 22:54:14'),(176,35,6,'Minus error et et ut.','2019-07-04 07:08:17','2019-07-04 07:08:17'),(177,51,9,'Qui vel eos quod velit ad omnis.','2019-06-30 09:17:44','2019-06-30 09:17:44'),(178,48,5,'Aliquid est aut blanditiis voluptates.','2019-07-10 18:12:20','2019-07-10 18:12:20'),(179,99,6,'Deserunt aperiam non labore voluptates.','2019-07-14 01:15:23','2019-07-14 01:15:23'),(180,84,3,'Praesentium nihil rerum temporibus nesciunt aut voluptas aspernatur.','2019-07-20 11:45:55','2019-07-20 11:45:55'),(181,96,5,'Recusandae voluptatem in consectetur est.','2019-07-12 18:47:50','2019-07-12 18:47:50'),(182,30,2,'Maxime temporibus praesentium architecto expedita.','2019-07-09 09:41:35','2019-07-09 09:41:35'),(183,73,8,'Qui dolor aliquid qui assumenda itaque assumenda.','2019-07-16 10:47:19','2019-07-16 10:47:19'),(184,16,2,'Ipsam assumenda occaecati ad tempore vitae.','2019-06-26 06:29:52','2019-06-26 06:29:52'),(185,7,7,'Et autem quos sed.','2019-06-27 13:55:24','2019-06-27 13:55:24'),(186,20,6,'Ab culpa provident ut tenetur deleniti aut ullam.','2019-06-27 19:38:10','2019-06-27 19:38:10'),(187,34,6,'Eum alias rerum necessitatibus fugit est molestias perspiciatis.','2019-07-20 15:20:34','2019-07-20 15:20:34'),(188,91,9,'Sint nulla eaque vero ipsa quibusdam voluptatem enim.','2019-07-14 19:27:00','2019-07-14 19:27:00'),(189,15,4,'Sint eos iusto qui non repellendus voluptatem ex.','2019-07-18 11:43:46','2019-07-18 11:43:46'),(190,98,8,'Velit saepe et at et saepe rerum eos maxime.','2019-07-21 11:04:39','2019-07-21 11:04:39'),(191,35,5,'A aut nesciunt inventore.','2019-07-11 09:54:05','2019-07-11 09:54:05'),(192,30,1,'Autem eveniet perspiciatis laboriosam iste.','2019-07-01 03:25:09','2019-07-01 03:25:09'),(193,42,3,'Atque qui voluptas et necessitatibus qui praesentium sunt dolores.','2019-07-15 20:13:26','2019-07-15 20:13:26'),(194,78,8,'Recusandae et rerum autem rerum sed minus.','2019-07-17 23:33:09','2019-07-17 23:33:09'),(195,6,8,'Nostrum explicabo dicta dolore in et.','2019-07-11 15:48:15','2019-07-11 15:48:15'),(196,21,4,'Voluptates commodi blanditiis repellat qui qui.','2019-07-23 18:49:12','2019-07-23 18:49:12'),(197,56,1,'Non ea vel dolor qui.','2019-07-16 16:57:11','2019-07-16 16:57:11'),(198,68,1,'Sed magnam earum quis fugit officia nulla.','2019-07-20 02:52:00','2019-07-20 02:52:00'),(199,2,9,'Et molestiae mollitia ut animi et vel atque.','2019-07-13 08:36:20','2019-07-13 08:36:20'),(200,29,7,'Impedit ut odit voluptatem nostrum.','2019-07-07 03:44:41','2019-07-07 03:44:41'),(201,81,5,'Labore sit aliquid ex iusto quae.','2019-07-02 16:29:39','2019-07-02 16:29:39'),(202,9,5,'Ea impedit iste iste voluptates a provident assumenda omnis.','2019-07-14 22:44:05','2019-07-14 22:44:05'),(203,5,1,'Natus ut ut et a sunt voluptatem totam.','2019-07-08 09:28:00','2019-07-08 09:28:00'),(204,69,10,'Voluptates facere repellendus tenetur expedita nesciunt quasi.','2019-07-24 17:13:54','2019-07-24 17:13:54'),(205,97,8,'Natus asperiores modi magni expedita iste expedita.','2019-06-28 11:48:44','2019-06-28 11:48:44'),(206,4,5,'Non qui qui vel sit.','2019-07-25 01:23:08','2019-07-25 01:23:08'),(207,64,9,'Fugiat sunt similique nam.','2019-07-21 20:30:46','2019-07-21 20:30:46'),(208,54,6,'Voluptatem qui dolorem minus asperiores consequatur est.','2019-07-06 21:25:49','2019-07-06 21:25:49'),(209,42,2,'Quia et voluptatibus molestiae qui veritatis ex veritatis.','2019-07-15 01:43:15','2019-07-15 01:43:15'),(210,81,4,'Quam praesentium commodi praesentium illo placeat.','2019-07-03 22:17:14','2019-07-03 22:17:14'),(211,58,6,'Illum sapiente eveniet voluptate ipsum.','2019-07-20 16:55:51','2019-07-20 16:55:51'),(212,40,9,'Voluptatem architecto id omnis.','2019-07-03 05:25:54','2019-07-03 05:25:54'),(213,45,2,'Mollitia mollitia nulla temporibus sint id.','2019-06-30 02:44:23','2019-06-30 02:44:23'),(214,99,9,'Eius quasi nisi aut mollitia porro eius nam.','2019-06-27 09:45:28','2019-06-27 09:45:28'),(215,79,1,'Commodi voluptatibus itaque est unde.','2019-07-02 07:45:52','2019-07-02 07:45:52'),(216,12,7,'Alias maxime fugit sequi est harum et accusamus.','2019-07-06 07:57:09','2019-07-06 07:57:09'),(217,15,5,'Beatae odio laudantium et aut.','2019-06-27 08:59:57','2019-06-27 08:59:57'),(218,80,10,'Magnam recusandae et adipisci suscipit placeat sed ut.','2019-07-02 01:33:22','2019-07-02 01:33:22'),(219,44,10,'Nihil facere expedita architecto sunt dolorem eum recusandae eaque.','2019-07-11 08:21:11','2019-07-11 08:21:11'),(220,35,3,'Possimus dignissimos vitae sunt facilis reiciendis reprehenderit.','2019-07-04 12:55:42','2019-07-04 12:55:42'),(221,52,3,'Et est quam minus delectus tenetur voluptatem.','2019-07-11 11:55:51','2019-07-11 11:55:51'),(222,41,1,'Et natus temporibus ducimus.','2019-06-30 10:01:20','2019-06-30 10:01:20'),(223,10,8,'Molestiae occaecati iusto nesciunt accusantium id facilis nulla.','2019-06-27 14:54:01','2019-06-27 14:54:01'),(224,19,8,'Iure sit quas aut et explicabo aliquam.','2019-07-24 14:18:07','2019-07-24 14:18:07'),(225,83,8,'Dignissimos et error dolores odio.','2019-07-09 20:18:35','2019-07-09 20:18:35'),(226,99,10,'Porro error amet corrupti sit unde alias totam.','2019-07-04 07:34:05','2019-07-04 07:34:05'),(227,91,2,'Blanditiis assumenda modi vitae ex.','2019-07-01 05:00:55','2019-07-01 05:00:55'),(228,10,8,'Accusantium accusamus corporis consequatur.','2019-07-24 04:24:43','2019-07-24 04:24:43'),(229,32,2,'Quidem quos rerum est eum.','2019-07-24 20:33:17','2019-07-24 20:33:17'),(230,10,10,'Consequatur vel sapiente eaque animi qui.','2019-07-25 00:11:04','2019-07-25 00:11:04'),(231,15,9,'Veritatis eos molestiae soluta et.','2019-07-11 20:04:33','2019-07-11 20:04:33'),(232,28,4,'Voluptatem voluptatem magni cumque.','2019-07-07 10:29:53','2019-07-07 10:29:53'),(233,65,10,'Labore incidunt voluptatem aut deserunt cumque.','2019-07-13 02:34:36','2019-07-13 02:34:36'),(234,64,9,'Officiis delectus consectetur ea velit optio rem non quia.','2019-07-05 20:30:07','2019-07-05 20:30:07'),(235,93,9,'Sint sit perspiciatis corrupti sunt voluptatum inventore.','2019-07-22 07:01:04','2019-07-22 07:01:04'),(236,75,4,'Sint omnis recusandae qui non qui et.','2019-07-05 02:23:52','2019-07-05 02:23:52'),(237,13,5,'Consequatur labore et aliquid pariatur sed consequuntur totam.','2019-07-05 00:12:08','2019-07-05 00:12:08'),(238,59,9,'Quam numquam nostrum rerum ipsa ipsam.','2019-07-03 14:26:44','2019-07-03 14:26:44'),(239,18,9,'Ut consequatur numquam nobis commodi et laboriosam recusandae.','2019-06-28 10:00:38','2019-06-28 10:00:38'),(240,84,6,'Quod quis et vitae.','2019-07-06 20:06:03','2019-07-06 20:06:03'),(241,42,1,'Dolor tempora labore enim eligendi necessitatibus tempora enim.','2019-07-07 09:12:36','2019-07-07 09:12:36'),(242,87,2,'Accusamus est aspernatur ea maxime omnis sed.','2019-07-08 09:29:55','2019-07-08 09:29:55'),(243,24,7,'Illum ea repellat omnis qui libero fugit.','2019-06-26 01:00:06','2019-06-26 01:00:06'),(244,21,5,'Vero debitis similique vel qui commodi qui.','2019-07-01 14:03:57','2019-07-01 14:03:57'),(245,54,9,'Consequatur delectus ab quos ea sapiente consequuntur officia rerum.','2019-06-30 13:49:00','2019-06-30 13:49:00'),(246,34,9,'Quaerat voluptatum explicabo molestias.','2019-06-27 05:40:16','2019-06-27 05:40:16'),(247,61,8,'Vel explicabo voluptatem quo vel soluta aperiam qui dolores.','2019-07-03 07:47:18','2019-07-03 07:47:18'),(248,79,1,'Corrupti dolorum qui labore a sit voluptatem.','2019-07-25 05:07:10','2019-07-25 05:07:10'),(249,1,8,'Maxime soluta laboriosam atque ratione voluptate aut.','2019-07-23 09:36:56','2019-07-23 09:36:56'),(250,71,8,'Dolorum harum reiciendis incidunt pariatur rerum doloremque.','2019-07-20 09:14:58','2019-07-20 09:14:58'),(251,43,6,'Aliquam dignissimos quo et vero sapiente necessitatibus animi.','2019-07-20 07:24:42','2019-07-20 07:24:42'),(252,31,6,'Eum eos provident voluptatem sunt et.','2019-07-04 05:22:38','2019-07-04 05:22:38'),(253,64,4,'Eius nihil maxime qui atque et commodi.','2019-07-23 18:32:50','2019-07-23 18:32:50'),(254,20,7,'Rerum omnis iusto sequi molestiae.','2019-06-28 00:24:01','2019-06-28 00:24:01'),(255,25,2,'Asperiores quod rerum facere.','2019-07-07 07:58:30','2019-07-07 07:58:30'),(256,74,1,'Officia quod facere officia dolores odio molestiae neque.','2019-06-25 14:18:30','2019-06-25 14:18:30'),(257,84,5,'Optio quasi commodi architecto et.','2019-07-16 14:32:48','2019-07-16 14:32:48'),(258,44,3,'Ut sint praesentium praesentium rerum itaque.','2019-06-25 23:31:32','2019-06-25 23:31:32'),(259,32,10,'Nobis omnis dignissimos qui enim ut possimus.','2019-07-06 01:40:14','2019-07-06 01:40:14'),(260,84,5,'Est maiores nemo repellat minima quo.','2019-06-29 02:08:13','2019-06-29 02:08:13'),(261,76,4,'Ipsam enim sed qui voluptatem velit qui sit autem.','2019-07-16 04:23:19','2019-07-16 04:23:19'),(262,73,10,'Officiis porro veniam doloribus itaque perferendis facilis sequi vitae.','2019-07-24 00:01:59','2019-07-24 00:01:59'),(263,36,4,'Voluptate nesciunt illum quam non magnam dolor.','2019-07-14 21:32:45','2019-07-14 21:32:45'),(264,4,3,'Qui culpa commodi eveniet error recusandae non iusto.','2019-07-19 04:39:38','2019-07-19 04:39:38'),(265,72,4,'Totam dignissimos qui aliquid sint nesciunt minima repellendus.','2019-07-23 08:27:26','2019-07-23 08:27:26'),(266,34,5,'Aut cumque eius tempore quo iure omnis mollitia optio.','2019-06-28 21:05:35','2019-06-28 21:05:35'),(267,90,9,'Cupiditate eum excepturi corporis.','2019-07-14 00:05:25','2019-07-14 00:05:25'),(268,2,5,'In sequi et voluptates deserunt.','2019-07-14 04:14:04','2019-07-14 04:14:04'),(269,21,2,'Commodi praesentium at nobis et sed unde.','2019-07-02 22:08:06','2019-07-02 22:08:06'),(270,95,8,'Temporibus ab nobis animi.','2019-07-12 10:10:31','2019-07-12 10:10:31'),(271,30,5,'Temporibus id assumenda sed architecto quas.','2019-07-22 13:34:24','2019-07-22 13:34:24'),(272,34,8,'Repellat libero neque ad quaerat facere.','2019-07-22 07:43:48','2019-07-22 07:43:48'),(273,14,10,'Voluptatem mollitia adipisci amet dolorem sequi.','2019-07-05 22:23:47','2019-07-05 22:23:47'),(274,57,4,'Quaerat qui sunt veniam rem sint molestiae magnam.','2019-07-14 02:55:09','2019-07-14 02:55:09'),(275,88,3,'Est minima enim sed sunt nesciunt.','2019-07-09 05:22:14','2019-07-09 05:22:14'),(276,99,1,'Aut dolor quo vel molestiae.','2019-06-26 03:22:25','2019-06-26 03:22:25'),(277,42,5,'Nisi aspernatur sunt et illum.','2019-07-10 22:37:29','2019-07-10 22:37:29'),(278,21,7,'Consequuntur tempora et non inventore.','2019-06-25 21:24:37','2019-06-25 21:24:37'),(279,71,2,'Error officiis quibusdam dolorum doloribus ea qui.','2019-07-24 15:31:00','2019-07-24 15:31:00'),(280,56,5,'Iure velit blanditiis non qui quam.','2019-07-24 00:44:20','2019-07-24 00:44:20'),(281,73,10,'Reprehenderit autem animi ut minus eaque modi deserunt.','2019-06-30 08:24:29','2019-06-30 08:24:29'),(282,45,6,'Sit aut repudiandae ut pariatur.','2019-07-03 00:59:31','2019-07-03 00:59:31'),(283,86,3,'Atque voluptatibus asperiores accusantium veritatis debitis.','2019-07-03 06:56:27','2019-07-03 06:56:27'),(284,67,1,'Veritatis sit nulla quis non.','2019-07-03 07:04:27','2019-07-03 07:04:27'),(285,68,7,'Possimus qui sunt est dolorum repudiandae eaque nisi.','2019-07-05 07:07:49','2019-07-05 07:07:49'),(286,79,6,'Quia animi rem et qui esse.','2019-07-11 20:59:20','2019-07-11 20:59:20'),(287,6,3,'Qui perspiciatis earum necessitatibus libero id.','2019-07-10 10:42:57','2019-07-10 10:42:57'),(288,82,1,'Optio et earum beatae tenetur et.','2019-06-25 16:07:43','2019-06-25 16:07:43'),(289,42,1,'Nam dolorem rem dolorem porro repellendus quis earum.','2019-07-12 00:00:30','2019-07-12 00:00:30'),(290,75,9,'Accusantium quos autem sunt modi non non.','2019-06-27 19:12:33','2019-06-27 19:12:33'),(291,26,2,'Eaque ut et provident.','2019-06-25 09:29:50','2019-06-25 09:29:50'),(292,38,1,'Est omnis aut assumenda fugit dolorem.','2019-07-11 15:26:52','2019-07-11 15:26:52'),(293,84,1,'Consequatur similique sed maiores aut.','2019-07-03 03:48:21','2019-07-03 03:48:21'),(294,92,7,'Earum aut dolorum in.','2019-07-08 07:03:29','2019-07-08 07:03:29'),(295,7,3,'Ut exercitationem aspernatur possimus et.','2019-07-03 15:50:37','2019-07-03 15:50:37'),(296,94,8,'Non voluptate aperiam ab doloribus nihil officia fuga.','2019-07-10 23:35:01','2019-07-10 23:35:01'),(297,73,6,'Sit fugit velit fugit magni atque.','2019-07-20 23:40:33','2019-07-20 23:40:33'),(298,59,6,'Quis repudiandae maxime qui repellendus et debitis.','2019-06-26 04:44:52','2019-06-26 04:44:52'),(299,10,3,'Reiciendis placeat dolores dolores incidunt.','2019-07-15 15:00:34','2019-07-15 15:00:34'),(300,61,1,'Suscipit ea dolores quis rerum veritatis nam.','2019-07-16 07:16:52','2019-07-16 07:16:52'),(301,95,6,'Cupiditate fuga sapiente sed ipsa enim quod voluptatibus.','2019-07-24 00:06:05','2019-07-24 00:06:05'),(302,24,5,'Non nulla est provident voluptatem.','2019-06-27 18:18:11','2019-06-27 18:18:11'),(303,74,5,'Hic odit nemo assumenda sed.','2019-07-05 03:07:21','2019-07-05 03:07:21'),(304,14,1,'Et voluptate eveniet sapiente aut est vitae dolor.','2019-07-17 17:10:02','2019-07-17 17:10:02'),(305,61,5,'Dolores quia eligendi blanditiis sunt quam.','2019-07-14 12:51:28','2019-07-14 12:51:28'),(306,16,7,'Ducimus laboriosam itaque atque fuga culpa enim non perspiciatis.','2019-07-19 14:43:58','2019-07-19 14:43:58'),(307,52,8,'Occaecati tempora debitis dolores consectetur.','2019-07-21 15:42:57','2019-07-21 15:42:57'),(308,78,8,'Molestias quas sed enim officiis consectetur vero doloremque.','2019-07-10 01:33:40','2019-07-10 01:33:40'),(309,89,4,'Quam eius in ullam voluptate.','2019-07-20 00:13:29','2019-07-20 00:13:29'),(310,22,9,'Eum eos quae veritatis nisi.','2019-06-26 17:49:17','2019-06-26 17:49:17'),(311,92,4,'Ea recusandae aut omnis assumenda sunt.','2019-07-17 09:13:16','2019-07-17 09:13:16'),(312,29,5,'Ratione consectetur dignissimos ducimus et.','2019-06-29 08:03:00','2019-06-29 08:03:00'),(313,32,7,'Deleniti nesciunt similique recusandae tenetur quia deserunt.','2019-07-04 18:07:18','2019-07-04 18:07:18'),(314,62,4,'Aspernatur ut rerum debitis quia quod.','2019-07-22 02:27:39','2019-07-22 02:27:39'),(315,95,5,'Ratione dolorem enim at quaerat.','2019-07-11 15:35:57','2019-07-11 15:35:57'),(316,47,7,'Quod et et exercitationem.','2019-07-25 03:47:22','2019-07-25 03:47:22'),(317,83,6,'Vel voluptatibus odit aut accusamus.','2019-06-30 10:06:46','2019-06-30 10:06:46'),(318,93,10,'Modi rerum dolore eum quaerat culpa ex.','2019-07-11 23:06:19','2019-07-11 23:06:19'),(319,27,5,'Ducimus quos ratione dolore rerum explicabo exercitationem quo.','2019-07-17 06:36:44','2019-07-17 06:36:44'),(320,38,1,'Iste animi est qui voluptatum aut laborum nemo sit.','2019-07-21 19:12:10','2019-07-21 19:12:10'),(321,29,1,'Eos magnam odio at sed illum est perferendis autem.','2019-07-23 08:54:58','2019-07-23 08:54:58'),(322,100,7,'Fuga voluptas velit accusantium nihil quae.','2019-07-16 09:54:45','2019-07-16 09:54:45'),(323,23,3,'Sunt voluptatem libero laudantium ex soluta.','2019-06-26 16:16:56','2019-06-26 16:16:56'),(324,7,4,'Cum suscipit et aperiam sit culpa.','2019-07-11 09:48:41','2019-07-11 09:48:41'),(325,65,6,'Quidem et accusantium quod vitae quia praesentium.','2019-07-24 14:02:41','2019-07-24 14:02:41'),(326,68,1,'Earum aliquid porro quasi aliquid.','2019-07-22 03:15:44','2019-07-22 03:15:44'),(327,64,1,'Dolorem voluptas odio quia vel et.','2019-07-07 05:40:18','2019-07-07 05:40:18'),(328,83,8,'Et rerum labore quidem illum ut ducimus tempore.','2019-07-05 11:54:19','2019-07-05 11:54:19'),(329,47,5,'Ad et molestiae eligendi maxime id.','2019-06-29 10:09:03','2019-06-29 10:09:03'),(330,15,10,'Nihil velit repellendus quos aliquid nemo veritatis.','2019-07-01 10:45:34','2019-07-01 10:45:34'),(331,53,2,'Ipsam voluptatem distinctio odit ut laudantium quibusdam odio.','2019-07-09 22:40:02','2019-07-09 22:40:02'),(332,71,8,'Accusamus ex est accusantium ut at omnis delectus cupiditate.','2019-07-12 08:54:07','2019-07-12 08:54:07'),(333,89,10,'Aliquid veniam inventore nam quia nisi quos.','2019-07-10 07:04:30','2019-07-10 07:04:30'),(334,89,7,'Soluta corrupti quo illum quia aut esse tenetur.','2019-06-29 14:23:13','2019-06-29 14:23:13'),(335,45,5,'Ipsam est corporis tenetur aliquid cumque.','2019-07-09 00:46:06','2019-07-09 00:46:06'),(336,1,7,'Quo non nobis enim quasi.','2019-07-05 17:56:19','2019-07-05 17:56:19'),(337,61,5,'Expedita aut est iusto quo repudiandae et optio.','2019-07-24 03:43:50','2019-07-24 03:43:50'),(338,7,3,'Reiciendis facere ex eos aliquid autem ducimus.','2019-07-21 14:30:16','2019-07-21 14:30:16'),(339,48,10,'Et natus veritatis animi.','2019-07-07 19:23:32','2019-07-07 19:23:32'),(340,43,5,'Dolorem et quidem exercitationem id optio dolor.','2019-07-10 12:33:44','2019-07-10 12:33:44'),(341,55,1,'Aut dolore quia consequatur omnis architecto cum non.','2019-07-06 09:55:00','2019-07-06 09:55:00'),(342,1,8,'A et veritatis quas porro voluptates.','2019-06-26 12:18:09','2019-06-26 12:18:09'),(343,86,10,'Et similique esse cumque deleniti qui est.','2019-07-10 16:20:08','2019-07-10 16:20:08'),(344,16,8,'Exercitationem et accusantium minima voluptatum et ut maiores.','2019-07-22 23:38:33','2019-07-22 23:38:33'),(345,76,2,'Sapiente dolores dicta eius sit soluta iure iste.','2019-07-16 13:29:59','2019-07-16 13:29:59'),(346,38,9,'Architecto molestiae qui ut nihil similique voluptatem.','2019-06-26 09:24:15','2019-06-26 09:24:15'),(347,86,10,'Facere recusandae blanditiis dolores sint.','2019-07-13 18:47:01','2019-07-13 18:47:01'),(348,84,5,'Quis excepturi sed laborum.','2019-07-05 10:09:06','2019-07-05 10:09:06'),(349,94,5,'Voluptatibus fugiat qui aperiam at.','2019-06-30 08:56:55','2019-06-30 08:56:55'),(350,60,10,'Consequatur ipsum porro veritatis odit magni debitis.','2019-07-03 12:07:28','2019-07-03 12:07:28'),(351,91,7,'Aut perspiciatis aperiam quos dolorem voluptates.','2019-06-28 07:07:22','2019-06-28 07:07:22'),(352,58,10,'Nam asperiores numquam ea cupiditate eos iusto reiciendis.','2019-07-02 00:31:32','2019-07-02 00:31:32'),(353,32,4,'Quasi dolores quasi aliquam.','2019-07-10 04:55:39','2019-07-10 04:55:39'),(354,4,1,'Laudantium dignissimos officia similique facere voluptas labore rem.','2019-07-15 21:29:11','2019-07-15 21:29:11'),(355,99,10,'Et repellendus recusandae laborum excepturi sed.','2019-07-10 15:24:37','2019-07-10 15:24:37'),(356,13,5,'Est velit quaerat expedita odit inventore.','2019-07-14 00:28:23','2019-07-14 00:28:23'),(357,80,8,'Voluptatum aut natus aut.','2019-07-23 21:24:14','2019-07-23 21:24:14'),(358,88,1,'Vitae aut iure vel eum accusamus.','2019-06-27 01:12:14','2019-06-27 01:12:14'),(359,35,8,'Molestias dolor alias consequatur consequuntur.','2019-06-25 12:34:41','2019-06-25 12:34:41'),(360,29,9,'Quidem rerum non dolore et aut.','2019-07-08 15:37:40','2019-07-08 15:37:40'),(361,19,5,'Accusamus a atque mollitia tenetur ipsam.','2019-06-29 23:13:26','2019-06-29 23:13:26'),(362,28,4,'Rerum possimus quod ea quia.','2019-07-12 00:42:47','2019-07-12 00:42:47'),(363,80,8,'Quasi occaecati blanditiis et repellat corrupti non dolores corporis.','2019-07-10 21:03:45','2019-07-10 21:03:45'),(364,35,7,'Inventore eos nam et et repellendus.','2019-06-30 05:11:59','2019-06-30 05:11:59'),(365,68,1,'Nemo earum itaque error adipisci porro.','2019-07-10 10:52:42','2019-07-10 10:52:42'),(366,37,3,'Facilis aliquid hic qui ad quia natus voluptatem.','2019-07-05 01:19:53','2019-07-05 01:19:53'),(367,24,6,'Ut voluptate ut asperiores est.','2019-07-08 07:49:46','2019-07-08 07:49:46'),(368,66,10,'Dolorem itaque fugiat asperiores at neque.','2019-07-20 01:53:19','2019-07-20 01:53:19'),(369,1,3,'Neque nesciunt consequatur ipsum eos ea quis.','2019-06-27 00:31:37','2019-06-27 00:31:37'),(370,80,7,'Non cumque impedit fugit aperiam molestiae voluptatibus.','2019-07-10 22:47:40','2019-07-10 22:47:40'),(371,24,1,'Rerum aut est maiores voluptas.','2019-07-15 17:51:55','2019-07-15 17:51:55'),(372,50,3,'Ut dolor odio velit aliquam necessitatibus dolor et.','2019-07-07 02:55:54','2019-07-07 02:55:54'),(373,30,10,'Nihil eum omnis non at.','2019-06-27 21:14:31','2019-06-27 21:14:31'),(374,31,7,'Nihil provident iusto atque delectus nihil aut voluptate at.','2019-07-01 03:12:02','2019-07-01 03:12:02'),(375,35,10,'Est quos distinctio est rerum.','2019-07-19 21:46:21','2019-07-19 21:46:21'),(376,2,6,'Qui illum est doloremque optio optio.','2019-07-12 23:55:41','2019-07-12 23:55:41'),(377,64,8,'Voluptatum voluptates rerum et eaque.','2019-07-23 22:56:45','2019-07-23 22:56:45'),(378,32,1,'Molestias iste non quaerat velit rerum.','2019-07-02 15:10:09','2019-07-02 15:10:09'),(379,49,9,'Rem consequatur est et fugiat.','2019-07-10 07:29:36','2019-07-10 07:29:36'),(380,8,3,'Repellat laborum ad tenetur.','2019-07-21 17:16:22','2019-07-21 17:16:22'),(381,3,9,'Eos inventore minima quis minima non repudiandae animi.','2019-06-28 08:46:15','2019-06-28 08:46:15'),(382,63,8,'Aut quis suscipit deleniti reprehenderit soluta nostrum et.','2019-06-28 00:09:35','2019-06-28 00:09:35'),(383,67,4,'Maiores ut totam nam hic esse eum consequatur.','2019-06-27 14:17:10','2019-06-27 14:17:10'),(384,81,4,'Enim repellat cum nam.','2019-07-03 21:56:23','2019-07-03 21:56:23'),(385,29,9,'Eligendi magni minus sequi.','2019-07-21 07:37:46','2019-07-21 07:37:46'),(386,36,9,'Facere est quaerat veritatis suscipit ipsum voluptas.','2019-07-12 14:42:54','2019-07-12 14:42:54'),(387,53,6,'Illum aut quam suscipit aliquam tempore.','2019-07-16 09:50:28','2019-07-16 09:50:28'),(388,43,8,'Ea quia vel velit laudantium enim maxime.','2019-07-17 06:30:43','2019-07-17 06:30:43'),(389,87,2,'Rerum quibusdam omnis dolor qui.','2019-07-05 05:05:40','2019-07-05 05:05:40'),(390,97,4,'Veniam numquam omnis tenetur deleniti nostrum distinctio.','2019-06-30 00:14:30','2019-06-30 00:14:30'),(391,40,10,'Voluptatem ut quam nesciunt repellat id pariatur occaecati fugiat.','2019-07-10 04:17:34','2019-07-10 04:17:34'),(392,58,9,'Velit in temporibus omnis.','2019-06-28 13:27:11','2019-06-28 13:27:11'),(393,81,9,'Ut ut ducimus itaque et rerum qui.','2019-07-21 00:27:56','2019-07-21 00:27:56'),(394,72,10,'Eum repellendus maiores exercitationem impedit.','2019-06-26 12:02:11','2019-06-26 12:02:11'),(395,62,2,'Quae assumenda illo nam qui.','2019-07-22 08:54:52','2019-07-22 08:54:52'),(396,16,4,'Minima a ab dicta sit.','2019-07-14 02:35:04','2019-07-14 02:35:04'),(397,31,8,'Sequi quis fugit excepturi natus aut quibusdam.','2019-07-02 15:05:32','2019-07-02 15:05:32'),(398,60,2,'Ullam dicta eveniet et et accusantium.','2019-07-10 14:01:15','2019-07-10 14:01:15'),(399,6,7,'Tenetur consectetur illum sapiente est ut.','2019-07-15 19:29:11','2019-07-15 19:29:11'),(400,12,2,'Dolorem maxime illo minima doloribus est repudiandae incidunt architecto.','2019-07-01 14:46:35','2019-07-01 14:46:35'),(401,28,4,'Voluptate vel excepturi ipsa nemo.','2019-07-07 17:07:57','2019-07-07 17:07:57'),(402,98,6,'Dolores quia voluptatem provident quibusdam.','2019-07-17 02:48:24','2019-07-17 02:48:24'),(403,72,1,'Sit commodi adipisci aliquid consequatur quod laborum ipsa.','2019-06-25 17:07:04','2019-06-25 17:07:04'),(404,79,5,'Fugit porro molestias rerum debitis occaecati.','2019-07-25 04:45:47','2019-07-25 04:45:47'),(405,80,1,'Aliquam vero nulla eum.','2019-07-16 09:51:32','2019-07-16 09:51:32'),(406,97,1,'Id impedit autem perspiciatis unde qui non blanditiis.','2019-06-30 20:05:09','2019-06-30 20:05:09'),(407,29,5,'Labore laborum ea facilis nostrum alias.','2019-06-30 20:44:03','2019-06-30 20:44:03'),(408,68,2,'Delectus odit occaecati et totam aperiam dolores recusandae.','2019-07-03 11:50:53','2019-07-03 11:50:53'),(409,38,3,'Expedita corrupti omnis et explicabo.','2019-07-13 11:52:44','2019-07-13 11:52:44'),(410,57,7,'Incidunt repudiandae molestiae dignissimos.','2019-07-13 21:22:43','2019-07-13 21:22:43'),(411,91,4,'Corporis quibusdam ut repellendus dignissimos et.','2019-06-25 08:48:00','2019-06-25 08:48:00'),(412,73,9,'Earum quibusdam qui quo dolore adipisci sed omnis reiciendis.','2019-07-02 13:57:22','2019-07-02 13:57:22'),(413,33,10,'Deleniti delectus omnis et hic animi.','2019-07-19 17:39:11','2019-07-19 17:39:11'),(414,1,1,'Ut voluptas iusto dolor delectus.','2019-07-10 00:04:19','2019-07-10 00:04:19'),(415,10,8,'Ut id qui et quia sit reiciendis eum porro.','2019-07-03 05:57:58','2019-07-03 05:57:58'),(416,21,2,'Rerum sapiente esse dignissimos quo.','2019-07-02 23:11:27','2019-07-02 23:11:27'),(417,81,8,'Reprehenderit at vel saepe voluptatem assumenda repudiandae.','2019-06-29 07:48:58','2019-06-29 07:48:58'),(418,47,6,'Ad qui repudiandae perferendis ut sit.','2019-07-17 14:14:01','2019-07-17 14:14:01'),(419,15,3,'Deserunt reiciendis nihil aut tempore molestiae recusandae ipsum ipsam.','2019-07-15 06:23:32','2019-07-15 06:23:32'),(420,53,6,'Iusto illum ut aspernatur veritatis veritatis sequi voluptas.','2019-07-07 08:23:38','2019-07-07 08:23:38'),(421,79,6,'Et ut qui vero alias.','2019-07-24 22:45:50','2019-07-24 22:45:50'),(422,1,5,'Ab dolorem sed eum et suscipit eum fugiat.','2019-07-11 19:56:07','2019-07-11 19:56:07'),(423,11,4,'Qui illo minus similique et hic.','2019-07-02 23:19:20','2019-07-02 23:19:20'),(424,63,5,'At numquam quibusdam qui consectetur.','2019-06-30 04:58:13','2019-06-30 04:58:13'),(425,92,6,'Sed quibusdam natus corrupti omnis.','2019-07-04 06:54:54','2019-07-04 06:54:54'),(426,7,5,'Commodi dolores neque sapiente quis reiciendis sit.','2019-07-04 13:36:01','2019-07-04 13:36:01'),(427,4,3,'Sed nostrum ipsum dignissimos mollitia.','2019-07-05 11:07:23','2019-07-05 11:07:23'),(428,51,5,'Totam facilis aut ea neque tempora molestiae.','2019-07-11 19:25:13','2019-07-11 19:25:13'),(429,1,7,'Quo illo dolor quia atque similique.','2019-07-18 06:31:56','2019-07-18 06:31:56'),(430,49,9,'Assumenda nihil nobis dolorem ut laborum omnis.','2019-07-18 22:22:22','2019-07-18 22:22:22'),(431,47,8,'Occaecati quibusdam ipsam fuga iure asperiores et.','2019-07-13 04:44:16','2019-07-13 04:44:16'),(432,86,10,'Aspernatur perferendis in aliquam necessitatibus enim ut.','2019-07-13 11:14:09','2019-07-13 11:14:09'),(433,68,1,'Vel culpa et rerum.','2019-06-27 00:26:33','2019-06-27 00:26:33'),(434,61,4,'Iure est et quia voluptas et voluptate.','2019-07-15 23:52:19','2019-07-15 23:52:19'),(435,100,2,'Tempora aut reprehenderit id fugit magnam beatae quas.','2019-07-15 18:32:19','2019-07-15 18:32:19'),(436,37,2,'Ea alias pariatur perspiciatis adipisci libero et voluptas aut.','2019-07-05 12:00:16','2019-07-05 12:00:16'),(437,68,2,'Ipsam corporis tempore sit.','2019-07-08 05:01:48','2019-07-08 05:01:48'),(438,20,5,'Omnis harum expedita eos dolor alias ea autem voluptates.','2019-07-04 14:10:42','2019-07-04 14:10:42'),(439,27,8,'Sunt ipsam minus modi porro eum non.','2019-07-16 00:08:07','2019-07-16 00:08:07'),(440,34,5,'Itaque fugit possimus expedita laboriosam.','2019-07-19 20:06:22','2019-07-19 20:06:22'),(441,4,8,'Et odit dolorem tempora quo.','2019-07-04 17:16:36','2019-07-04 17:16:36'),(442,78,8,'Modi sequi ut impedit harum quisquam eum.','2019-07-10 23:31:47','2019-07-10 23:31:47'),(443,37,3,'Delectus ducimus alias itaque consequuntur.','2019-06-30 22:24:06','2019-06-30 22:24:06'),(444,6,7,'Odio dolor nesciunt quisquam animi nihil vel officiis.','2019-07-07 06:06:38','2019-07-07 06:06:38'),(445,16,9,'Blanditiis placeat impedit qui similique totam consequatur.','2019-06-28 03:24:46','2019-06-28 03:24:46'),(446,10,1,'A sed nobis perferendis qui maxime dolores.','2019-07-07 21:57:10','2019-07-07 21:57:10'),(447,67,4,'Possimus earum accusantium sed quis aut.','2019-06-27 19:27:03','2019-06-27 19:27:03'),(448,50,9,'Repudiandae quod rerum consectetur velit debitis.','2019-07-17 21:38:33','2019-07-17 21:38:33'),(449,66,10,'Rerum autem repudiandae nobis.','2019-07-24 23:17:10','2019-07-24 23:17:10'),(450,79,9,'Aspernatur aliquid ipsa in asperiores cupiditate quisquam.','2019-07-15 10:08:13','2019-07-15 10:08:13'),(451,38,6,'Aliquam unde rerum et omnis ut occaecati aut.','2019-07-13 20:20:38','2019-07-13 20:20:38'),(452,64,3,'Deserunt nesciunt totam quisquam in illum.','2019-07-02 00:07:16','2019-07-02 00:07:16'),(453,34,1,'Sapiente amet corporis qui harum consectetur accusantium et.','2019-07-11 02:31:27','2019-07-11 02:31:27'),(454,83,2,'Excepturi tempora dignissimos minus sit est animi exercitationem.','2019-07-09 16:36:39','2019-07-09 16:36:39'),(455,7,4,'Assumenda dolor nemo sint.','2019-07-09 03:27:12','2019-07-09 03:27:12'),(456,38,6,'Deserunt eum in nisi commodi explicabo dolor facilis.','2019-07-13 04:16:52','2019-07-13 04:16:52'),(457,40,8,'Quam qui vero et quod consequuntur ipsa.','2019-07-17 08:44:54','2019-07-17 08:44:54'),(458,86,8,'Consequatur eius adipisci quae odio deleniti aut.','2019-07-24 16:46:57','2019-07-24 16:46:57'),(459,5,4,'Non in est ut eaque dolores officiis voluptatem.','2019-07-09 05:50:00','2019-07-09 05:50:00'),(460,92,7,'Consequatur sunt sequi iste aut veniam ut.','2019-07-11 23:31:44','2019-07-11 23:31:44'),(461,73,2,'Impedit nihil quisquam ex non nemo sed excepturi.','2019-07-14 20:59:55','2019-07-14 20:59:55'),(462,34,3,'Sunt est quod itaque assumenda atque sunt vel.','2019-07-04 02:57:47','2019-07-04 02:57:47'),(463,56,3,'Illum est commodi culpa est eos.','2019-07-02 17:52:45','2019-07-02 17:52:45'),(464,93,7,'Quia rerum tenetur voluptatem fugiat sed consequuntur.','2019-06-29 17:59:02','2019-06-29 17:59:02'),(465,60,1,'Aliquid aut qui aut laboriosam ut.','2019-07-15 17:05:22','2019-07-15 17:05:22'),(466,7,3,'Nesciunt autem molestias explicabo reprehenderit doloribus consequatur.','2019-07-23 02:17:27','2019-07-23 02:17:27'),(467,71,3,'Aut qui molestiae non vitae sint eveniet.','2019-06-29 17:32:45','2019-06-29 17:32:45'),(468,3,5,'Aut harum dolores illum saepe.','2019-07-03 21:55:26','2019-07-03 21:55:26'),(469,10,8,'Eos dolores cumque voluptatem voluptas sit et sunt labore.','2019-07-01 16:20:40','2019-07-01 16:20:40'),(470,28,6,'Assumenda reprehenderit eaque et est vitae consectetur.','2019-07-24 03:29:12','2019-07-24 03:29:12'),(471,16,2,'Atque non sint sit quam architecto dolorem dolor.','2019-07-19 14:05:33','2019-07-19 14:05:33'),(472,91,7,'Veniam velit non earum voluptatem.','2019-06-28 11:05:15','2019-06-28 11:05:15'),(473,60,7,'Quod ut sit officiis sit assumenda consequatur.','2019-07-13 08:57:49','2019-07-13 08:57:49'),(474,92,9,'Voluptatem culpa deleniti autem aut consequatur ratione suscipit.','2019-07-12 04:59:10','2019-07-12 04:59:10'),(475,80,5,'Est alias veniam quia ut.','2019-07-20 18:15:38','2019-07-20 18:15:38'),(476,97,10,'Ad quia qui officia dolor.','2019-07-24 06:14:34','2019-07-24 06:14:34'),(477,47,7,'Ut numquam dolorem velit et autem.','2019-07-10 17:34:41','2019-07-10 17:34:41'),(478,27,3,'Et tempore tempore natus reprehenderit laudantium voluptatibus.','2019-07-02 05:47:38','2019-07-02 05:47:38'),(479,93,8,'Vel libero ipsum ea qui.','2019-07-13 16:02:53','2019-07-13 16:02:53'),(480,26,3,'Quibusdam id est qui.','2019-07-06 03:26:09','2019-07-06 03:26:09'),(481,25,9,'Dolorem laudantium expedita veritatis odio dolorum vero.','2019-06-28 02:40:19','2019-06-28 02:40:19'),(482,44,9,'Voluptatibus et enim magnam eius.','2019-06-25 22:50:32','2019-06-25 22:50:32'),(483,14,6,'Non fugit corporis aut modi.','2019-06-28 02:32:58','2019-06-28 02:32:58'),(484,37,5,'Qui est deserunt incidunt maxime.','2019-07-23 20:13:55','2019-07-23 20:13:55'),(485,1,2,'Dignissimos cum fuga omnis quae.','2019-06-27 11:07:11','2019-06-27 11:07:11'),(486,76,6,'Qui ea corporis laudantium vitae omnis.','2019-07-24 07:30:29','2019-07-24 07:30:29'),(487,18,4,'Vel odit tempore nostrum ut ea labore dolores.','2019-06-28 19:02:49','2019-06-28 19:02:49'),(488,71,3,'Ab tempore ut fuga.','2019-06-27 01:17:40','2019-06-27 01:17:40'),(489,64,6,'Voluptas vero ut quia ipsa.','2019-07-14 09:50:59','2019-07-14 09:50:59'),(490,70,10,'Dicta natus blanditiis corporis minus exercitationem.','2019-07-17 10:32:50','2019-07-17 10:32:50'),(491,46,6,'Nulla beatae dolorem earum nobis eum consequatur.','2019-07-18 04:30:32','2019-07-18 04:30:32'),(492,76,8,'Rem nulla eum nihil et voluptates.','2019-07-24 13:39:05','2019-07-24 13:39:05'),(493,42,4,'Sed a quos et veniam tenetur veniam incidunt.','2019-07-19 08:14:09','2019-07-19 08:14:09'),(494,15,6,'Sint aliquid minus dolorem alias.','2019-07-05 23:35:12','2019-07-05 23:35:12'),(495,52,6,'Enim commodi beatae ut sunt quo.','2019-07-09 21:03:42','2019-07-09 21:03:42'),(496,72,7,'Ut voluptatum voluptatem ut modi occaecati aut accusantium.','2019-06-28 13:56:46','2019-06-28 13:56:46'),(497,3,5,'Dolores aut quia eaque eum.','2019-07-05 18:56:40','2019-07-05 18:56:40'),(498,31,4,'Voluptates nemo esse autem sit ipsum.','2019-07-13 19:00:08','2019-07-13 19:00:08'),(499,73,1,'Atque cupiditate temporibus maxime magnam est nihil est autem.','2019-07-22 17:30:25','2019-07-22 17:30:25'),(500,23,6,'Cumque doloribus aliquid rerum corrupti.','2019-07-08 08:00:39','2019-07-08 08:00:39'),(501,17,4,'Animi praesentium omnis odio voluptatibus animi.','2019-07-18 02:31:57','2019-07-18 02:31:57'),(502,39,9,'Officiis ducimus harum repellat est.','2019-07-23 21:04:08','2019-07-23 21:04:08'),(503,98,8,'Nostrum maxime dolores cumque excepturi non corporis.','2019-07-19 09:38:35','2019-07-19 09:38:35'),(504,99,3,'Reprehenderit sunt voluptatum quia aut et enim nesciunt sequi.','2019-07-17 16:30:52','2019-07-17 16:30:52'),(505,26,3,'Consequatur nihil delectus ipsum cum ea quos impedit.','2019-07-24 03:36:50','2019-07-24 03:36:50'),(506,94,8,'Et corrupti laborum et alias laborum.','2019-07-24 07:21:46','2019-07-24 07:21:46'),(507,80,7,'Explicabo harum itaque tenetur illum.','2019-07-09 09:04:09','2019-07-09 09:04:09'),(508,46,8,'Eum voluptates vel aspernatur tempore necessitatibus.','2019-06-29 13:30:13','2019-06-29 13:30:13'),(509,72,6,'Error neque est voluptas rerum vel nisi voluptate.','2019-07-08 05:16:05','2019-07-08 05:16:05'),(510,18,1,'Et quaerat et laudantium dolorem.','2019-07-12 00:10:47','2019-07-12 00:10:47'),(511,71,6,'Omnis modi beatae quod fugit fugit.','2019-06-26 18:50:41','2019-06-26 18:50:41'),(512,20,4,'Eligendi dolores possimus tempore veritatis incidunt temporibus atque temporibus.','2019-07-02 01:43:01','2019-07-02 01:43:01'),(513,28,6,'Cumque illum sint quibusdam.','2019-07-08 07:09:30','2019-07-08 07:09:30'),(514,5,8,'Est qui minima minima eum eligendi et et.','2019-07-14 18:46:45','2019-07-14 18:46:45'),(515,74,8,'Optio dolorem iste laboriosam cum commodi nisi.','2019-07-21 23:37:16','2019-07-21 23:37:16'),(516,8,3,'Eius blanditiis ut aliquid et harum dolor.','2019-07-17 14:49:58','2019-07-17 14:49:58'),(517,53,10,'Eveniet quia nulla eos maiores non fuga similique.','2019-06-26 21:37:23','2019-06-26 21:37:23'),(518,49,9,'Possimus omnis velit at ut voluptates.','2019-07-19 06:58:53','2019-07-19 06:58:53'),(519,23,7,'Eos expedita aut earum enim aut delectus eum.','2019-06-30 10:15:31','2019-06-30 10:15:31'),(520,87,4,'Sunt quibusdam qui consequatur dolor doloremque autem dolore voluptatum.','2019-07-07 01:29:28','2019-07-07 01:29:28'),(521,98,6,'Et non ut sed asperiores sunt alias.','2019-07-09 11:56:12','2019-07-09 11:56:12'),(522,61,2,'Animi a esse accusantium libero odit.','2019-07-17 03:01:50','2019-07-17 03:01:50'),(523,19,10,'Autem voluptas magnam sunt.','2019-07-07 00:01:48','2019-07-07 00:01:48'),(524,22,9,'Modi et libero qui ad error facere.','2019-07-22 04:52:51','2019-07-22 04:52:51'),(525,11,4,'Ea quae earum aut rerum aut esse.','2019-07-02 03:13:40','2019-07-02 03:13:40'),(526,35,8,'Nihil quibusdam adipisci dicta porro tempore ea officiis.','2019-07-19 21:49:47','2019-07-19 21:49:47'),(527,47,1,'Dolores aut quibusdam amet consequatur culpa voluptatem ad est.','2019-07-06 23:12:49','2019-07-06 23:12:49'),(528,57,7,'Aut rerum nam consectetur ratione.','2019-07-06 22:20:37','2019-07-06 22:20:37'),(529,74,6,'Nobis natus voluptatem ut aut libero temporibus.','2019-07-21 08:21:27','2019-07-21 08:21:27'),(530,60,8,'Possimus optio sint sint nam omnis distinctio.','2019-07-05 02:05:27','2019-07-05 02:05:27'),(531,86,9,'Quam ea reiciendis error ab voluptatibus similique.','2019-07-01 03:59:37','2019-07-01 03:59:37'),(532,95,2,'Eos omnis est tenetur nemo omnis.','2019-07-21 03:16:06','2019-07-21 03:16:06'),(533,85,8,'Odit nam dolores corrupti maxime molestiae recusandae.','2019-07-18 20:11:58','2019-07-18 20:11:58'),(534,50,10,'Dolores dolor incidunt nisi sequi.','2019-06-25 12:03:53','2019-06-25 12:03:53'),(535,97,7,'Tenetur velit quia blanditiis suscipit nulla nobis debitis.','2019-07-23 19:27:23','2019-07-23 19:27:23'),(536,43,3,'Iste voluptas et porro eligendi iure.','2019-07-14 09:48:50','2019-07-14 09:48:50'),(537,4,7,'Aut doloribus voluptatem veniam sint.','2019-07-14 15:13:09','2019-07-14 15:13:09'),(538,87,6,'Qui illum quam quo deserunt labore eius sed.','2019-06-28 03:26:45','2019-06-28 03:26:45'),(539,46,5,'Iure voluptatem quisquam hic temporibus.','2019-06-30 16:07:48','2019-06-30 16:07:48'),(540,61,2,'Eaque eius modi et eos aliquid repellendus omnis.','2019-06-27 00:52:19','2019-06-27 00:52:19'),(541,29,4,'Earum quia quidem cum quod officia incidunt.','2019-07-19 04:04:53','2019-07-19 04:04:53'),(542,70,3,'Consequatur a reprehenderit quos delectus ipsum sed optio.','2019-06-30 08:02:20','2019-06-30 08:02:20'),(543,23,8,'Minus fugiat voluptatum dolorem et explicabo recusandae qui.','2019-06-27 09:35:46','2019-06-27 09:35:46'),(544,86,9,'Accusamus minus impedit quis et.','2019-07-15 21:21:19','2019-07-15 21:21:19'),(545,13,1,'Eligendi est aspernatur expedita autem.','2019-07-01 05:59:27','2019-07-01 05:59:27'),(546,77,5,'Sequi et illum eos ducimus.','2019-07-11 06:05:33','2019-07-11 06:05:33'),(547,12,2,'Veniam totam sit quo placeat ut dolorem.','2019-07-17 11:51:07','2019-07-17 11:51:07'),(548,39,9,'Doloribus consequatur qui numquam et et.','2019-07-01 21:24:34','2019-07-01 21:24:34'),(549,77,4,'Id est sed ut enim a inventore.','2019-06-26 16:14:10','2019-06-26 16:14:10'),(550,14,8,'Qui aut minima aut animi unde.','2019-07-15 16:03:13','2019-07-15 16:03:13'),(551,10,8,'Quas et eveniet officia totam cupiditate voluptatem.','2019-07-22 21:09:12','2019-07-22 21:09:12'),(552,88,8,'Nihil repudiandae excepturi deserunt amet sed non.','2019-07-01 17:24:38','2019-07-01 17:24:38'),(553,25,7,'Ipsum ducimus qui id eos sunt aut libero.','2019-07-01 11:26:50','2019-07-01 11:26:50'),(554,37,1,'Qui dolores error ut quisquam quia quae.','2019-07-19 08:21:06','2019-07-19 08:21:06'),(555,41,7,'Culpa quos rerum corporis est.','2019-07-06 11:19:38','2019-07-06 11:19:38'),(556,34,9,'Sed ut et impedit esse.','2019-07-16 17:35:47','2019-07-16 17:35:47'),(557,35,10,'Excepturi reprehenderit minus libero asperiores perferendis id.','2019-07-03 18:47:17','2019-07-03 18:47:17'),(558,77,3,'Aut voluptatem quia accusantium beatae explicabo recusandae modi.','2019-07-19 03:14:11','2019-07-19 03:14:11'),(559,68,4,'Perferendis necessitatibus temporibus nihil quia saepe soluta labore.','2019-07-16 10:31:56','2019-07-16 10:31:56'),(560,97,9,'Exercitationem sunt deserunt laboriosam illo et fugiat delectus eaque.','2019-06-26 15:34:01','2019-06-26 15:34:01'),(561,84,9,'Nemo voluptatibus ut soluta culpa et consequatur eaque.','2019-07-13 01:40:40','2019-07-13 01:40:40'),(562,19,8,'Dicta ullam et dolores modi rerum.','2019-07-23 15:32:19','2019-07-23 15:32:19'),(563,51,5,'Perferendis in nulla molestiae similique provident odio laboriosam.','2019-07-13 16:07:56','2019-07-13 16:07:56'),(564,19,8,'Consequuntur accusamus sunt quas mollitia qui.','2019-07-16 04:29:00','2019-07-16 04:29:00'),(565,61,5,'Et labore amet eaque ducimus non temporibus aut.','2019-07-19 02:06:41','2019-07-19 02:06:41'),(566,55,10,'Reprehenderit beatae quia et qui.','2019-07-05 21:24:14','2019-07-05 21:24:14'),(567,15,3,'Quam exercitationem esse consequatur occaecati.','2019-07-20 17:43:40','2019-07-20 17:43:40'),(568,30,5,'Iste numquam nobis debitis placeat libero quidem vel omnis.','2019-07-19 14:48:03','2019-07-19 14:48:03'),(569,20,3,'Adipisci illum voluptatibus nemo molestiae.','2019-07-16 13:24:36','2019-07-16 13:24:36'),(570,6,5,'Quod alias assumenda qui qui error dicta.','2019-07-15 19:50:05','2019-07-15 19:50:05'),(571,5,1,'Error consequatur delectus consequatur exercitationem officiis consequatur soluta.','2019-07-03 14:11:44','2019-07-03 14:11:44'),(572,53,9,'Temporibus sunt dignissimos incidunt dolorem amet.','2019-07-06 11:33:10','2019-07-06 11:33:10'),(573,64,7,'Magni debitis nostrum nulla qui voluptate.','2019-07-01 14:13:24','2019-07-01 14:13:24'),(574,72,7,'Natus tempore consectetur sequi voluptatem perspiciatis.','2019-07-22 09:42:39','2019-07-22 09:42:39'),(575,64,4,'Aut quam enim in nostrum porro et eos.','2019-07-12 21:35:50','2019-07-12 21:35:50'),(576,59,5,'Est ea qui ad voluptas provident qui.','2019-07-10 10:30:00','2019-07-10 10:30:00'),(577,94,9,'Aperiam nihil nihil nobis commodi.','2019-06-27 12:18:04','2019-06-27 12:18:04'),(578,18,6,'Sed iste enim veritatis quisquam iure ut explicabo.','2019-07-14 03:44:09','2019-07-14 03:44:09'),(579,35,4,'Dignissimos qui est expedita provident.','2019-07-14 05:51:22','2019-07-14 05:51:22'),(580,37,7,'Ducimus eaque molestiae laudantium ipsum accusamus velit.','2019-07-02 10:02:44','2019-07-02 10:02:44'),(581,59,4,'Qui distinctio tenetur dolorem veritatis explicabo laudantium nostrum.','2019-07-20 05:42:26','2019-07-20 05:42:26'),(582,29,3,'Aut qui qui provident hic pariatur id.','2019-07-21 00:32:15','2019-07-21 00:32:15'),(583,75,4,'Cumque molestiae voluptatem et adipisci labore non.','2019-07-19 08:00:03','2019-07-19 08:00:03'),(584,50,7,'Sit quibusdam qui velit.','2019-07-04 23:16:25','2019-07-04 23:16:25'),(585,87,1,'Numquam at vel similique mollitia id.','2019-07-16 20:06:51','2019-07-16 20:06:51'),(586,45,3,'Eaque sunt facere est quibusdam est.','2019-07-09 15:54:00','2019-07-09 15:54:00'),(587,42,7,'Modi voluptas sed sunt dolor fugiat dolores.','2019-07-12 16:28:32','2019-07-12 16:28:32'),(588,47,9,'Voluptas tenetur consequatur animi tempora ratione tempora.','2019-07-16 03:53:13','2019-07-16 03:53:13'),(589,6,8,'Vitae magni eius voluptatum commodi et.','2019-07-21 17:51:34','2019-07-21 17:51:34'),(590,8,10,'Laudantium est officiis quis asperiores voluptas aut inventore.','2019-07-04 19:08:50','2019-07-04 19:08:50'),(591,4,5,'In adipisci atque tempora et vero voluptatum.','2019-07-08 21:48:08','2019-07-08 21:48:08'),(592,87,10,'Dolorem vitae sunt molestiae et dolorem soluta.','2019-06-30 06:01:25','2019-06-30 06:01:25'),(593,66,9,'Soluta id est recusandae molestias blanditiis tenetur magni.','2019-07-09 12:09:36','2019-07-09 12:09:36'),(594,40,1,'Asperiores id distinctio id et distinctio nihil.','2019-07-09 10:57:53','2019-07-09 10:57:53'),(595,81,7,'Natus eaque rerum qui et quaerat omnis.','2019-07-16 11:52:40','2019-07-16 11:52:40'),(596,21,6,'Possimus quod maxime sed architecto qui.','2019-07-07 19:16:58','2019-07-07 19:16:58'),(597,72,2,'Dolores quae repudiandae nesciunt dolores harum autem.','2019-07-15 06:00:47','2019-07-15 06:00:47'),(598,52,7,'Velit voluptate sed ullam ut laboriosam quos.','2019-07-19 23:56:42','2019-07-19 23:56:42'),(599,15,1,'Totam velit tempora consequatur ipsam sequi.','2019-07-17 05:52:15','2019-07-17 05:52:15'),(600,82,9,'Tempore excepturi eum doloremque ratione deserunt dolorum.','2019-07-05 08:16:20','2019-07-05 08:16:20'),(601,37,4,'Beatae officiis eveniet suscipit sunt voluptas.','2019-07-18 13:20:13','2019-07-18 13:20:13'),(602,16,4,'Iusto omnis qui laboriosam.','2019-07-24 15:07:56','2019-07-24 15:07:56'),(603,27,7,'Doloribus voluptatibus ut fugit voluptas voluptas quam et.','2019-07-25 01:21:51','2019-07-25 01:21:51'),(604,59,2,'Sunt et esse iste qui ipsum alias.','2019-07-07 10:46:52','2019-07-07 10:46:52'),(605,93,4,'Aliquam facilis deserunt consectetur.','2019-07-20 15:10:26','2019-07-20 15:10:26'),(606,81,8,'Voluptates nostrum nulla quo est est voluptatem.','2019-06-29 11:23:47','2019-06-29 11:23:47'),(607,16,3,'At est voluptas vitae quo quisquam.','2019-06-30 05:15:19','2019-06-30 05:15:19'),(608,69,7,'Rerum aut eum ut inventore sunt illum dicta quasi.','2019-06-27 21:01:35','2019-06-27 21:01:35'),(609,24,9,'Porro ut iusto ipsum deleniti ut.','2019-07-21 04:28:05','2019-07-21 04:28:05'),(610,66,10,'Aut officiis odio ea vel labore et saepe.','2019-07-08 18:15:59','2019-07-08 18:15:59'),(611,36,5,'Et eius odio consequuntur quaerat vel explicabo.','2019-07-24 14:32:36','2019-07-24 14:32:36'),(612,53,10,'Quia quod vel voluptas voluptas dolor ut molestiae.','2019-07-19 15:13:06','2019-07-19 15:13:06'),(613,43,3,'Deleniti pariatur est praesentium.','2019-07-14 03:15:18','2019-07-14 03:15:18'),(614,49,1,'Alias vero non sit.','2019-07-15 14:19:35','2019-07-15 14:19:35'),(615,81,6,'Qui qui natus fuga neque officia enim hic.','2019-07-21 16:01:10','2019-07-21 16:01:10'),(616,68,9,'Ea dolor expedita maxime non est iure.','2019-06-29 11:02:33','2019-06-29 11:02:33'),(617,1,5,'Deleniti rerum voluptatem dolor repudiandae.','2019-07-19 09:57:04','2019-07-19 09:57:04'),(618,68,10,'Dolorem voluptatem consequatur accusamus et est.','2019-07-12 19:18:39','2019-07-12 19:18:39'),(619,48,7,'Illum ducimus maxime impedit in ullam consequatur.','2019-07-14 09:26:41','2019-07-14 09:26:41'),(620,61,6,'Voluptas sed debitis laboriosam commodi perferendis.','2019-07-11 11:41:29','2019-07-11 11:41:29'),(621,93,3,'Recusandae et quidem consequatur ea.','2019-07-22 15:06:51','2019-07-22 15:06:51'),(622,67,7,'Cum nobis ducimus repellat aut magni.','2019-06-25 13:43:33','2019-06-25 13:43:33'),(623,32,9,'Quia nulla nisi delectus aut quis.','2019-07-05 01:27:58','2019-07-05 01:27:58'),(624,47,1,'Laudantium et veniam sunt deserunt.','2019-07-06 23:58:27','2019-07-06 23:58:27'),(625,53,8,'Ut veniam qui tenetur modi reiciendis.','2019-07-12 23:47:45','2019-07-12 23:47:45'),(626,65,1,'Dolor non assumenda omnis distinctio in.','2019-07-22 18:51:43','2019-07-22 18:51:43'),(627,85,2,'Sunt tenetur ex reiciendis illo in perferendis nihil veniam.','2019-07-08 19:32:00','2019-07-08 19:32:00'),(628,55,5,'Rem enim in ducimus voluptatem ut veniam.','2019-06-28 20:03:19','2019-06-28 20:03:19'),(629,18,3,'Error laudantium at incidunt atque exercitationem eligendi non omnis.','2019-06-29 05:57:22','2019-06-29 05:57:22'),(630,22,3,'Voluptate necessitatibus ut eos rem nihil sit deserunt.','2019-06-27 05:02:34','2019-06-27 05:02:34'),(631,39,8,'Quia enim sapiente nihil sint minus.','2019-07-16 19:58:56','2019-07-16 19:58:56'),(632,29,9,'Voluptas nam ipsum amet similique.','2019-07-15 11:00:20','2019-07-15 11:00:20'),(633,19,2,'Et et quis voluptates maiores possimus.','2019-07-05 04:42:24','2019-07-05 04:42:24'),(634,100,2,'Pariatur molestiae et sed sunt non vero.','2019-06-29 21:34:41','2019-06-29 21:34:41'),(635,79,1,'Nostrum et dolore alias.','2019-07-19 16:08:29','2019-07-19 16:08:29'),(636,93,10,'Laborum aperiam commodi veniam delectus eaque voluptate.','2019-07-15 12:59:36','2019-07-15 12:59:36'),(637,81,5,'Quia eligendi reprehenderit voluptatum.','2019-07-18 19:52:32','2019-07-18 19:52:32'),(638,68,10,'Ea quibusdam ex omnis similique qui sit error.','2019-07-08 08:38:13','2019-07-08 08:38:13'),(639,11,10,'Quia quod harum nemo enim.','2019-07-15 04:02:40','2019-07-15 04:02:40'),(640,91,10,'Suscipit omnis sed et blanditiis ut eos error.','2019-07-10 02:04:36','2019-07-10 02:04:36'),(641,35,10,'Autem blanditiis adipisci nihil reprehenderit ut quo ducimus.','2019-07-17 23:38:47','2019-07-17 23:38:47'),(642,97,4,'Dignissimos qui mollitia ipsam veritatis.','2019-07-17 12:23:33','2019-07-17 12:23:33'),(643,93,1,'Rerum qui soluta recusandae rem in temporibus.','2019-07-24 00:24:11','2019-07-24 00:24:11'),(644,72,1,'Et beatae inventore delectus ut provident veniam.','2019-07-10 22:06:34','2019-07-10 22:06:34'),(645,81,7,'Et ut sequi modi sed laboriosam voluptatem.','2019-07-11 09:24:47','2019-07-11 09:24:47'),(646,88,1,'Incidunt nostrum rem aspernatur sapiente assumenda ea nemo.','2019-07-18 10:34:03','2019-07-18 10:34:03'),(647,70,7,'Velit eaque natus recusandae sit in.','2019-07-18 17:56:42','2019-07-18 17:56:42'),(648,31,2,'Et sit illum qui aliquam.','2019-07-07 23:26:26','2019-07-07 23:26:26'),(649,7,8,'Corrupti nobis doloremque aut nam quibusdam in neque.','2019-07-14 13:08:40','2019-07-14 13:08:40'),(650,26,8,'Blanditiis iusto fugiat asperiores eveniet.','2019-07-15 02:01:21','2019-07-15 02:01:21'),(651,24,9,'In sed sed dolorem.','2019-07-05 23:49:51','2019-07-05 23:49:51'),(652,39,8,'Iure perspiciatis iusto possimus non.','2019-07-10 19:26:30','2019-07-10 19:26:30'),(653,36,6,'Quos voluptates dignissimos rem deserunt nihil delectus doloribus.','2019-07-11 06:32:07','2019-07-11 06:32:07'),(654,60,2,'Quos qui in est molestias.','2019-07-06 01:37:01','2019-07-06 01:37:01'),(655,7,2,'Veritatis possimus ea sed dolorum et magni nobis optio.','2019-07-22 11:45:19','2019-07-22 11:45:19'),(656,55,10,'Ducimus deleniti officia vel fugit quod eligendi.','2019-07-08 14:56:41','2019-07-08 14:56:41'),(657,81,1,'Et autem quisquam possimus ut voluptas.','2019-06-29 20:10:33','2019-06-29 20:10:33'),(658,40,9,'Aut minima sequi repellendus repudiandae dignissimos ad.','2019-06-27 21:51:34','2019-06-27 21:51:34'),(659,82,7,'At quae totam consequatur illum nihil molestiae molestias.','2019-07-20 20:48:54','2019-07-20 20:48:54'),(660,42,4,'Sunt quas doloremque in adipisci vitae natus quae rerum.','2019-07-22 10:44:11','2019-07-22 10:44:11'),(661,33,8,'Veniam animi harum autem doloremque eius tempora.','2019-07-19 09:04:35','2019-07-19 09:04:35'),(662,36,3,'Atque animi corrupti labore dignissimos delectus.','2019-07-12 17:36:37','2019-07-12 17:36:37'),(663,12,9,'Sit dolorem repudiandae aut velit necessitatibus et.','2019-07-23 02:49:43','2019-07-23 02:49:43'),(664,41,10,'Velit fugiat et perspiciatis fuga doloribus est.','2019-06-26 14:26:42','2019-06-26 14:26:42'),(665,40,2,'Voluptatem exercitationem ut ut sit tempore.','2019-07-19 16:38:48','2019-07-19 16:38:48'),(666,86,5,'Molestiae iure iure officia nesciunt.','2019-07-23 20:00:59','2019-07-23 20:00:59'),(667,40,10,'Itaque non consequatur impedit.','2019-07-11 19:20:21','2019-07-11 19:20:21'),(668,64,10,'Velit fugiat eos aliquid.','2019-07-22 10:28:20','2019-07-22 10:28:20'),(669,2,1,'Perspiciatis illum ipsa dolor nisi esse provident laudantium beatae.','2019-07-02 02:27:36','2019-07-02 02:27:36'),(670,5,1,'Fuga rem natus enim eos ad accusamus consequatur vero.','2019-07-08 04:34:04','2019-07-08 04:34:04'),(671,25,9,'Ad aut nulla odit accusantium assumenda nihil est perspiciatis.','2019-07-23 05:55:09','2019-07-23 05:55:09'),(672,18,2,'Modi cumque vel qui facere voluptatum.','2019-07-14 07:49:22','2019-07-14 07:49:22'),(673,1,3,'Quibusdam illum repudiandae sed iste dolore occaecati.','2019-07-24 03:43:36','2019-07-24 03:43:36'),(674,42,8,'Unde dolore similique sed ut rem expedita.','2019-07-17 17:04:43','2019-07-17 17:04:43'),(675,62,10,'Officiis eum corporis dolores aut rerum non atque.','2019-07-24 06:24:10','2019-07-24 06:24:10'),(676,65,1,'Doloremque dicta esse qui ea occaecati eum.','2019-06-27 01:15:18','2019-06-27 01:15:18'),(677,3,4,'Porro ea perspiciatis rerum voluptatem.','2019-07-11 14:35:57','2019-07-11 14:35:57'),(678,30,2,'Eligendi esse provident accusamus qui ducimus.','2019-07-21 04:47:10','2019-07-21 04:47:10'),(679,74,4,'Sequi qui commodi quo accusantium.','2019-07-06 04:37:16','2019-07-06 04:37:16'),(680,36,2,'Illo maiores quidem harum ducimus ab distinctio sed.','2019-07-16 18:38:07','2019-07-16 18:38:07'),(681,38,1,'Aut qui soluta sequi rerum voluptas.','2019-06-26 03:04:08','2019-06-26 03:04:08'),(682,2,6,'Qui dicta dolor debitis accusamus aut.','2019-07-04 19:50:34','2019-07-04 19:50:34'),(683,83,10,'Aliquid quae vel eos consequatur cumque culpa aut.','2019-07-23 00:56:24','2019-07-23 00:56:24'),(684,79,5,'Corrupti voluptatem similique sint nihil vel.','2019-07-10 15:34:03','2019-07-10 15:34:03'),(685,91,2,'Dolore doloribus ea amet rerum repellat hic rem aut.','2019-07-07 10:02:20','2019-07-07 10:02:20'),(686,71,10,'Et ratione ad minima.','2019-07-14 21:20:56','2019-07-14 21:20:56'),(687,64,1,'Blanditiis occaecati sint minima officia vel id et.','2019-06-25 14:58:59','2019-06-25 14:58:59'),(688,47,7,'Aperiam fugit impedit dolorem ea id corrupti architecto.','2019-07-05 22:08:50','2019-07-05 22:08:50'),(689,40,9,'Nihil enim et mollitia sint eveniet molestias.','2019-07-16 01:06:04','2019-07-16 01:06:04'),(690,67,8,'Vero excepturi dolorum et culpa voluptatum.','2019-07-07 16:34:52','2019-07-07 16:34:52'),(691,16,2,'Laborum ut aliquam temporibus consequatur soluta quisquam dolorem.','2019-07-23 05:57:13','2019-07-23 05:57:13'),(692,88,8,'Aliquam harum recusandae aut quia dolorum.','2019-07-11 21:30:36','2019-07-11 21:30:36'),(693,48,9,'Eligendi et vel quos maiores.','2019-07-13 22:24:38','2019-07-13 22:24:38'),(694,35,8,'Ea totam a accusamus omnis aut molestias voluptates.','2019-07-11 16:35:24','2019-07-11 16:35:24'),(695,100,6,'Excepturi quia et voluptates voluptates eveniet nesciunt.','2019-06-25 11:57:36','2019-06-25 11:57:36'),(696,93,3,'Ipsam facilis distinctio fuga et cum corrupti illo eos.','2019-07-04 16:16:46','2019-07-04 16:16:46'),(697,96,2,'Ducimus odio quidem similique architecto est.','2019-07-21 16:04:14','2019-07-21 16:04:14'),(698,49,4,'Porro et explicabo adipisci laborum.','2019-07-17 17:08:53','2019-07-17 17:08:53'),(699,18,9,'Ut sit repellat voluptatem doloremque suscipit.','2019-07-17 04:25:16','2019-07-17 04:25:16'),(700,2,9,'Itaque non doloribus placeat error autem ut dolorum.','2019-07-11 08:21:34','2019-07-11 08:21:34'),(701,5,2,'Et illo dicta sequi voluptas aliquid qui.','2019-06-30 14:23:28','2019-06-30 14:23:28'),(702,5,6,'Et architecto expedita sit qui et eum corrupti.','2019-07-04 17:29:08','2019-07-04 17:29:08'),(703,71,8,'Exercitationem ut quia dolores necessitatibus.','2019-07-12 17:09:21','2019-07-12 17:09:21'),(704,1,4,'Deleniti beatae ut tempore quia et.','2019-07-06 23:15:47','2019-07-06 23:15:47'),(705,6,5,'Et et sunt quis et unde vel non.','2019-07-06 14:51:30','2019-07-06 14:51:30'),(706,22,4,'Aut error vel aut placeat.','2019-07-13 21:01:55','2019-07-13 21:01:55'),(707,67,2,'Molestias provident molestias est labore et ratione et.','2019-06-29 17:49:20','2019-06-29 17:49:20'),(708,11,7,'Ut et maiores aspernatur nisi est libero.','2019-07-03 19:46:40','2019-07-03 19:46:40'),(709,35,9,'Ea laboriosam magnam sed sed velit et.','2019-06-26 13:32:50','2019-06-26 13:32:50'),(710,76,1,'Occaecati nisi ad praesentium voluptatem dolores.','2019-07-13 17:38:51','2019-07-13 17:38:51'),(711,28,6,'Reiciendis consequatur veniam eius labore illo qui.','2019-07-01 19:25:44','2019-07-01 19:25:44'),(712,9,3,'Quis veniam culpa nulla.','2019-07-13 14:39:17','2019-07-13 14:39:17'),(713,18,3,'Qui at voluptatem ea explicabo.','2019-07-11 09:25:27','2019-07-11 09:25:27'),(714,16,1,'Fugit nihil iste aut est autem sapiente dolore repellendus.','2019-07-23 20:03:49','2019-07-23 20:03:49'),(715,85,10,'Magnam ut maiores sunt earum voluptatem perferendis nobis.','2019-07-08 08:18:16','2019-07-08 08:18:16'),(716,85,8,'Eum beatae autem dolor ut enim quam.','2019-07-06 02:55:38','2019-07-06 02:55:38'),(717,3,4,'Voluptatum ut laudantium repellat architecto et mollitia sit.','2019-07-14 16:35:59','2019-07-14 16:35:59'),(718,42,2,'Error reprehenderit voluptatibus aut culpa odio.','2019-06-30 09:16:21','2019-06-30 09:16:21'),(719,68,3,'Eos iusto facere officiis sed.','2019-07-04 13:18:32','2019-07-04 13:18:32'),(720,27,6,'Officia commodi et ut quos ut illum.','2019-06-27 05:34:26','2019-06-27 05:34:26'),(721,5,6,'Sapiente reprehenderit labore possimus optio qui nostrum et.','2019-07-18 11:20:37','2019-07-18 11:20:37'),(722,96,2,'Esse qui voluptas quaerat tenetur est.','2019-07-15 15:53:21','2019-07-15 15:53:21'),(723,5,7,'Magni quos ducimus fugiat et labore placeat.','2019-07-12 00:54:59','2019-07-12 00:54:59'),(724,22,7,'Saepe debitis fuga laudantium.','2019-07-01 14:46:21','2019-07-01 14:46:21'),(725,3,1,'Et corporis fugiat et facere qui.','2019-07-17 02:20:31','2019-07-17 02:20:31'),(726,43,3,'Repellendus laborum porro perferendis veniam qui.','2019-07-07 15:23:10','2019-07-07 15:23:10'),(727,7,1,'Necessitatibus ab accusantium eos pariatur commodi laboriosam eligendi.','2019-07-14 19:20:17','2019-07-14 19:20:17'),(728,87,8,'Nostrum error consequatur quis modi.','2019-06-30 13:32:12','2019-06-30 13:32:12'),(729,20,4,'Sunt quaerat neque perferendis labore libero nostrum.','2019-07-14 07:13:45','2019-07-14 07:13:45'),(730,44,9,'Occaecati minus quasi quod magni.','2019-07-13 15:54:58','2019-07-13 15:54:58'),(731,1,1,'Eius cupiditate et id rerum recusandae.','2019-07-24 14:00:34','2019-07-24 14:00:34'),(732,22,3,'Saepe nesciunt rerum a minima facere a qui.','2019-07-14 19:57:19','2019-07-14 19:57:19'),(733,5,7,'In maiores ex fugit quisquam.','2019-07-12 09:02:45','2019-07-12 09:02:45'),(734,76,8,'Porro voluptatum quia debitis nobis.','2019-07-22 10:03:17','2019-07-22 10:03:17'),(735,52,2,'Pariatur ut enim pariatur ab esse quos.','2019-07-10 09:36:21','2019-07-10 09:36:21'),(736,54,9,'Et occaecati illum non.','2019-07-15 12:23:50','2019-07-15 12:23:50'),(737,78,8,'Cum ad labore et.','2019-07-17 00:48:48','2019-07-17 00:48:48'),(738,12,9,'Et et harum velit nulla.','2019-07-23 00:03:47','2019-07-23 00:03:47'),(739,36,9,'Animi non beatae ut sequi et qui omnis impedit.','2019-07-24 12:08:20','2019-07-24 12:08:20'),(740,68,7,'Ut ut quis aut eius rerum totam sit.','2019-07-01 04:11:49','2019-07-01 04:11:49'),(741,11,7,'Aut rem nesciunt dolor.','2019-07-05 13:35:01','2019-07-05 13:35:01'),(742,12,5,'Maxime quis ullam vel quia iure enim officia.','2019-07-19 14:51:59','2019-07-19 14:51:59'),(743,1,3,'Nam quisquam id saepe earum.','2019-07-24 12:16:58','2019-07-24 12:16:58'),(744,57,7,'Rerum sunt perferendis quis adipisci saepe.','2019-07-18 19:13:50','2019-07-18 19:13:50'),(745,41,10,'Dolores excepturi debitis consequatur est dolor.','2019-06-29 10:06:24','2019-06-29 10:06:24'),(746,91,3,'Delectus omnis et ipsa laborum temporibus eos quia sint.','2019-07-04 23:14:07','2019-07-04 23:14:07'),(747,50,2,'Dolor fugiat voluptatem consectetur voluptatem consequatur exercitationem.','2019-07-06 20:11:57','2019-07-06 20:11:57'),(748,98,5,'Non unde eos accusantium alias et molestiae.','2019-07-06 03:33:26','2019-07-06 03:33:26'),(749,50,4,'Optio officiis maiores libero voluptatem autem.','2019-07-05 13:14:27','2019-07-05 13:14:27'),(750,90,2,'Voluptas vitae numquam recusandae rem ut.','2019-07-19 07:50:07','2019-07-19 07:50:07'),(751,6,8,'Sed quis magni omnis voluptatem cum.','2019-07-16 09:46:25','2019-07-16 09:46:25'),(752,49,8,'Eligendi et ipsa dolorem id dolorem.','2019-07-10 07:33:38','2019-07-10 07:33:38'),(753,47,10,'Eveniet esse cupiditate dolores vel.','2019-06-27 15:40:55','2019-06-27 15:40:55'),(754,48,6,'Eius rerum quidem dolorum laboriosam dicta.','2019-06-29 03:04:02','2019-06-29 03:04:02'),(755,66,6,'Est sint delectus velit debitis.','2019-07-19 15:38:21','2019-07-19 15:38:21'),(756,12,5,'Ut amet voluptatem perferendis amet deleniti reprehenderit soluta.','2019-07-19 00:16:56','2019-07-19 00:16:56'),(757,87,8,'Praesentium non soluta corporis harum.','2019-07-23 08:50:26','2019-07-23 08:50:26'),(758,75,8,'Nostrum voluptatem aperiam esse dolor.','2019-07-13 02:09:37','2019-07-13 02:09:37'),(759,42,10,'Ut dolore in deserunt dolores sit deleniti doloribus.','2019-06-28 04:00:07','2019-06-28 04:00:07'),(760,4,10,'Repudiandae enim culpa possimus.','2019-07-08 08:00:26','2019-07-08 08:00:26'),(761,32,8,'Omnis unde pariatur sit voluptatibus eaque aut.','2019-07-04 05:27:12','2019-07-04 05:27:12'),(762,63,6,'Totam dolor ab alias iste.','2019-07-06 13:05:39','2019-07-06 13:05:39'),(763,16,3,'Provident maxime ea officia itaque.','2019-07-04 11:35:35','2019-07-04 11:35:35'),(764,13,2,'Qui voluptatibus ad harum quia quo dolor totam.','2019-07-21 21:43:36','2019-07-21 21:43:36'),(765,62,3,'Non delectus quis ipsum molestiae sequi officiis velit.','2019-07-02 17:05:59','2019-07-02 17:05:59'),(766,47,2,'Ut voluptatem eveniet dolorem nemo corrupti dolor laborum at.','2019-07-10 12:27:54','2019-07-10 12:27:54'),(767,67,5,'Sit qui occaecati est et.','2019-07-02 12:13:01','2019-07-02 12:13:01'),(768,48,5,'Velit vero fugit impedit est.','2019-07-09 05:35:04','2019-07-09 05:35:04'),(769,7,4,'Deserunt ex tempora expedita dolorem alias blanditiis ducimus sed.','2019-07-18 18:20:38','2019-07-18 18:20:38'),(770,77,1,'Voluptatem iure quos voluptatem non laborum.','2019-07-22 21:44:24','2019-07-22 21:44:24'),(771,82,10,'Velit esse est tempore nulla.','2019-07-07 18:51:31','2019-07-07 18:51:31'),(772,88,10,'Consequatur quaerat facere eum voluptates qui officiis ut in.','2019-07-09 09:15:15','2019-07-09 09:15:15'),(773,51,9,'Ad nulla accusantium qui quis.','2019-07-21 09:02:40','2019-07-21 09:02:40'),(774,72,4,'Quo sunt veritatis nostrum ut quis exercitationem earum.','2019-07-06 00:48:13','2019-07-06 00:48:13'),(775,82,10,'Autem inventore sit vel ad.','2019-06-30 16:38:12','2019-06-30 16:38:12'),(776,88,5,'Aliquam praesentium neque vitae ea.','2019-07-23 02:28:10','2019-07-23 02:28:10'),(777,1,2,'Dolore porro officia animi voluptas totam nulla autem.','2019-07-19 14:30:21','2019-07-19 14:30:21'),(778,80,4,'Minima unde blanditiis distinctio magnam totam praesentium dolores.','2019-06-28 15:02:10','2019-06-28 15:02:10'),(779,77,1,'Ut atque atque ullam facere reprehenderit.','2019-06-28 11:06:10','2019-06-28 11:06:10'),(780,45,4,'Error ea molestiae pariatur cum voluptatem qui.','2019-07-16 02:10:19','2019-07-16 02:10:19'),(781,2,1,'Quibusdam qui temporibus asperiores repellat quas dicta sequi doloremque.','2019-07-17 20:58:32','2019-07-17 20:58:32'),(782,45,3,'Consequatur animi et fuga ut iusto.','2019-07-12 05:26:03','2019-07-12 05:26:03'),(783,53,2,'Sint magni quae accusamus modi incidunt.','2019-07-06 08:36:51','2019-07-06 08:36:51'),(784,95,7,'Et voluptatem optio iste nemo blanditiis fuga accusamus.','2019-07-04 11:09:11','2019-07-04 11:09:11'),(785,75,2,'Nostrum ut dolores ipsa ut.','2019-06-26 00:47:21','2019-06-26 00:47:21'),(786,45,3,'Reprehenderit inventore rerum corporis sed accusamus dicta reiciendis.','2019-07-09 04:26:28','2019-07-09 04:26:28'),(787,65,2,'Ut repudiandae doloremque eligendi ut.','2019-06-26 19:06:32','2019-06-26 19:06:32'),(788,4,5,'Voluptates quidem quis est sunt neque neque.','2019-07-24 19:15:59','2019-07-24 19:15:59'),(789,85,7,'Tenetur a perspiciatis minus aliquid et sint voluptatem.','2019-06-25 11:17:46','2019-06-25 11:17:46'),(790,37,7,'Temporibus veniam et eos dolorum perferendis.','2019-07-01 12:19:16','2019-07-01 12:19:16'),(791,64,8,'Voluptatum dignissimos qui et.','2019-07-24 10:39:26','2019-07-24 10:39:26'),(792,66,6,'Qui dolorem ratione ut officia et non.','2019-07-01 01:11:54','2019-07-01 01:11:54'),(793,73,4,'Itaque minima totam voluptate pariatur repellendus delectus laborum.','2019-07-19 07:51:05','2019-07-19 07:51:05'),(794,97,3,'Explicabo veritatis in blanditiis maxime quo deleniti esse.','2019-07-18 16:23:46','2019-07-18 16:23:46'),(795,40,10,'Corrupti ut quo libero et.','2019-07-07 11:54:29','2019-07-07 11:54:29'),(796,30,9,'Eius beatae quo error autem.','2019-06-25 13:29:44','2019-06-25 13:29:44'),(797,20,5,'Sunt consequatur quia fuga.','2019-07-09 15:53:04','2019-07-09 15:53:04'),(798,27,5,'Aut dolorum adipisci aspernatur voluptate quia odit sed.','2019-07-04 21:00:07','2019-07-04 21:00:07'),(799,26,7,'Voluptas tempore placeat neque est voluptates officia sunt.','2019-07-15 15:11:10','2019-07-15 15:11:10'),(800,75,10,'Architecto deserunt in temporibus voluptate.','2019-07-24 07:29:00','2019-07-24 07:29:00'),(801,82,1,'Ut rem similique provident.','2019-07-24 21:21:02','2019-07-24 21:21:02'),(802,97,2,'Error non libero earum aut ipsa id non.','2019-07-06 23:25:45','2019-07-06 23:25:45'),(803,2,9,'Quas sunt veniam ea.','2019-07-03 04:20:12','2019-07-03 04:20:12'),(804,38,7,'Atque voluptate odit hic.','2019-07-24 08:32:25','2019-07-24 08:32:25'),(805,58,9,'Magni quae rerum modi voluptas occaecati tenetur blanditiis.','2019-07-01 22:52:52','2019-07-01 22:52:52'),(806,86,2,'Mollitia et est iusto amet rerum molestiae.','2019-06-29 09:45:29','2019-06-29 09:45:29'),(807,64,5,'Et praesentium voluptate nobis voluptatem.','2019-07-04 09:38:42','2019-07-04 09:38:42'),(808,79,1,'Enim quia quia excepturi reprehenderit suscipit ipsam.','2019-07-07 16:57:28','2019-07-07 16:57:28'),(809,58,7,'Ipsam nemo eius ad hic eligendi laboriosam id.','2019-07-07 17:55:14','2019-07-07 17:55:14'),(810,22,7,'Vel unde libero minima voluptates et.','2019-07-11 01:47:09','2019-07-11 01:47:09'),(811,12,6,'Et praesentium quibusdam temporibus odio voluptatum.','2019-07-03 21:40:42','2019-07-03 21:40:42'),(812,80,8,'Ut et voluptas nesciunt sint.','2019-06-25 12:47:29','2019-06-25 12:47:29'),(813,100,4,'Sed nihil incidunt accusantium ut cupiditate quibusdam accusamus dolores.','2019-07-11 15:37:20','2019-07-11 15:37:20'),(814,100,6,'Asperiores rem aut rerum quos similique quae ducimus eum.','2019-07-12 08:05:12','2019-07-12 08:05:12'),(815,91,5,'Veniam expedita qui et tenetur voluptatem.','2019-06-30 19:44:33','2019-06-30 19:44:33'),(816,31,5,'Sed impedit occaecati magni odit consequatur facere.','2019-07-10 03:52:30','2019-07-10 03:52:30'),(817,62,4,'Voluptatum error rerum accusantium laborum aperiam dolorum expedita.','2019-07-09 07:46:29','2019-07-09 07:46:29'),(818,53,5,'Numquam quasi error velit quae aliquam.','2019-07-08 23:27:19','2019-07-08 23:27:19'),(819,11,8,'Dicta hic sit maiores velit aut.','2019-07-05 02:23:04','2019-07-05 02:23:04'),(820,37,10,'Odit numquam sunt deleniti reprehenderit praesentium quisquam.','2019-07-13 13:45:58','2019-07-13 13:45:58'),(821,14,8,'Deserunt voluptatibus adipisci expedita voluptas quibusdam ipsam debitis.','2019-07-03 20:04:02','2019-07-03 20:04:02'),(822,24,7,'Exercitationem praesentium eveniet nisi quae quos.','2019-06-27 19:27:36','2019-06-27 19:27:36'),(823,8,7,'Minus molestias dignissimos mollitia nam eligendi.','2019-07-15 07:04:26','2019-07-15 07:04:26'),(824,33,5,'Commodi est sed ea.','2019-07-10 10:58:00','2019-07-10 10:58:00'),(825,6,8,'Iusto et aspernatur dolorem mollitia.','2019-06-30 17:20:39','2019-06-30 17:20:39'),(826,82,4,'Dolorem aliquid velit perferendis.','2019-07-15 21:57:15','2019-07-15 21:57:15'),(827,9,1,'Est ad nam ea hic corporis accusantium dolor.','2019-07-16 05:45:16','2019-07-16 05:45:16'),(828,58,1,'Molestiae et qui vitae quia.','2019-07-04 09:04:08','2019-07-04 09:04:08'),(829,61,2,'Qui eos aut maiores autem.','2019-07-08 04:56:32','2019-07-08 04:56:32'),(830,25,2,'Ipsum expedita esse assumenda.','2019-07-12 05:52:55','2019-07-12 05:52:55'),(831,40,5,'Velit et ex tempora.','2019-06-29 07:55:37','2019-06-29 07:55:37'),(832,37,2,'Velit autem sapiente ut eligendi et voluptas et hic.','2019-07-03 13:30:35','2019-07-03 13:30:35'),(833,12,8,'Et saepe enim quod ut.','2019-07-04 08:30:37','2019-07-04 08:30:37'),(834,51,2,'Atque sint ea error incidunt enim odit aliquid.','2019-07-16 18:32:36','2019-07-16 18:32:36'),(835,86,9,'Ad occaecati maiores nostrum.','2019-07-11 17:33:49','2019-07-11 17:33:49'),(836,46,1,'Sequi nihil ut est.','2019-07-22 16:21:36','2019-07-22 16:21:36'),(837,66,1,'Est voluptas voluptatum nisi.','2019-07-20 08:44:46','2019-07-20 08:44:46'),(838,64,3,'Optio iste perferendis illum consequatur impedit et modi.','2019-07-03 14:19:11','2019-07-03 14:19:11'),(839,33,5,'Ut amet incidunt quae iste labore.','2019-06-27 23:25:38','2019-06-27 23:25:38'),(840,92,10,'Omnis delectus eum sit animi.','2019-07-15 04:16:28','2019-07-15 04:16:28'),(841,11,7,'Sint error ratione consectetur natus voluptatem vel.','2019-07-04 12:30:25','2019-07-04 12:30:25'),(842,96,5,'Nam laboriosam quisquam earum.','2019-06-29 19:19:46','2019-06-29 19:19:46'),(843,57,2,'Aut consequatur quasi officia eaque atque odit fugiat.','2019-07-19 15:53:41','2019-07-19 15:53:41'),(844,75,1,'Cupiditate at rem molestias quo soluta ut amet.','2019-07-14 22:09:35','2019-07-14 22:09:35'),(845,38,4,'Excepturi sint quaerat magnam impedit qui sed.','2019-07-08 18:53:29','2019-07-08 18:53:29'),(846,58,2,'Laudantium rerum consequatur eveniet quasi illum qui.','2019-07-02 01:00:29','2019-07-02 01:00:29'),(847,44,4,'At architecto nisi voluptatibus sunt quo aliquam.','2019-07-07 00:10:26','2019-07-07 00:10:26'),(848,72,1,'Illo exercitationem dignissimos in odio esse libero cum quia.','2019-07-13 02:24:41','2019-07-13 02:24:41'),(849,38,10,'Porro architecto adipisci sed dolore natus accusamus.','2019-06-28 01:07:09','2019-06-28 01:07:09'),(850,39,10,'Ut molestiae minus qui ut doloribus.','2019-07-03 09:30:54','2019-07-03 09:30:54'),(851,34,8,'Unde deserunt sunt ut ad illum veritatis sit.','2019-06-27 14:17:23','2019-06-27 14:17:23'),(852,80,9,'Rem optio illum voluptatem non vel voluptatibus adipisci.','2019-07-05 08:46:54','2019-07-05 08:46:54'),(853,84,1,'Eum qui quo iste ut.','2019-06-30 02:23:14','2019-06-30 02:23:14'),(854,67,4,'Est necessitatibus voluptatem dolorum sunt.','2019-07-23 06:09:48','2019-07-23 06:09:48'),(855,60,8,'Possimus ipsum sit iure dolorem.','2019-07-01 18:50:51','2019-07-01 18:50:51'),(856,49,9,'Non amet est repellendus et.','2019-07-15 16:13:59','2019-07-15 16:13:59'),(857,40,5,'Rerum quia quasi sed repellendus.','2019-06-28 11:11:46','2019-06-28 11:11:46'),(858,33,2,'Et assumenda aut enim assumenda.','2019-07-05 05:55:04','2019-07-05 05:55:04'),(859,42,8,'Consectetur neque odit similique dolorum.','2019-07-01 14:57:54','2019-07-01 14:57:54'),(860,47,3,'Ad consequatur est voluptas ea assumenda porro assumenda odit.','2019-06-28 11:28:55','2019-06-28 11:28:55'),(861,85,7,'Aut autem voluptas velit qui voluptatem accusantium qui.','2019-07-17 07:11:33','2019-07-17 07:11:33'),(862,68,5,'Non debitis dignissimos illo eius culpa voluptatem.','2019-06-30 17:58:30','2019-06-30 17:58:30'),(863,37,1,'Consequuntur modi facere est repellat et.','2019-07-23 06:07:17','2019-07-23 06:07:17'),(864,14,6,'Recusandae dicta veniam repudiandae quia voluptatem enim.','2019-06-30 03:58:14','2019-06-30 03:58:14'),(865,84,10,'Voluptas et qui id alias similique.','2019-07-10 07:22:06','2019-07-10 07:22:06'),(866,88,7,'In deserunt amet aperiam quibusdam non id sit.','2019-06-26 01:26:39','2019-06-26 01:26:39'),(867,94,10,'Provident cupiditate in aut ducimus eum nihil qui.','2019-06-30 12:02:06','2019-06-30 12:02:06'),(868,20,7,'Molestiae dolorem reprehenderit expedita eum incidunt eos atque.','2019-07-23 11:29:11','2019-07-23 11:29:11'),(869,86,2,'Omnis animi consequuntur itaque omnis nobis soluta quod.','2019-07-07 23:07:05','2019-07-07 23:07:05'),(870,88,4,'Voluptatum ea itaque provident nesciunt perspiciatis officia reprehenderit iusto.','2019-07-03 08:29:32','2019-07-03 08:29:32'),(871,16,8,'Sunt sit ratione cupiditate voluptatum exercitationem nobis in.','2019-07-12 12:59:09','2019-07-12 12:59:09'),(872,92,1,'Eligendi laborum saepe impedit quibusdam itaque.','2019-07-20 10:39:50','2019-07-20 10:39:50'),(873,63,7,'Soluta occaecati recusandae beatae voluptatibus atque asperiores.','2019-07-16 13:40:44','2019-07-16 13:40:44'),(874,96,1,'Itaque ex mollitia doloribus vel dolor ullam.','2019-07-22 06:10:43','2019-07-22 06:10:43'),(875,70,9,'Facere ea ratione cumque et occaecati dolor quas aut.','2019-07-16 12:36:30','2019-07-16 12:36:30'),(876,99,6,'Doloremque iusto at id nostrum error dicta aut.','2019-07-22 02:33:41','2019-07-22 02:33:41'),(877,69,7,'Blanditiis corrupti neque natus et temporibus nihil ut.','2019-07-19 05:57:36','2019-07-19 05:57:36'),(878,83,10,'Voluptatem sint harum voluptas.','2019-07-02 18:11:58','2019-07-02 18:11:58'),(879,25,2,'Qui minus aut dolor voluptates vel.','2019-07-05 00:38:59','2019-07-05 00:38:59'),(880,5,4,'Corporis qui consectetur iure.','2019-07-07 11:20:58','2019-07-07 11:20:58'),(881,26,3,'Distinctio ullam enim natus pariatur.','2019-07-06 14:22:50','2019-07-06 14:22:50'),(882,95,4,'Voluptatem nostrum ab omnis nesciunt perspiciatis quia.','2019-07-16 08:59:52','2019-07-16 08:59:52'),(883,9,10,'Sapiente enim repudiandae ab animi autem.','2019-07-14 05:24:56','2019-07-14 05:24:56'),(884,62,6,'Corrupti numquam velit temporibus iste voluptas.','2019-07-16 18:53:00','2019-07-16 18:53:00'),(885,13,1,'Dolorum deleniti recusandae amet non labore exercitationem aperiam non.','2019-07-01 15:11:57','2019-07-01 15:11:57'),(886,65,3,'Sed architecto delectus rerum quia quia blanditiis repudiandae.','2019-06-25 12:16:39','2019-06-25 12:16:39'),(887,47,10,'Laborum corrupti doloremque blanditiis cumque.','2019-07-19 04:03:04','2019-07-19 04:03:04'),(888,14,8,'Ab ipsa quidem quae quas eligendi.','2019-07-14 22:02:33','2019-07-14 22:02:33'),(889,44,2,'Est quo vel est quo molestiae minus quisquam.','2019-06-30 20:17:07','2019-06-30 20:17:07'),(890,22,1,'Optio est non rerum error enim ab.','2019-07-17 13:50:24','2019-07-17 13:50:24'),(891,40,10,'Nostrum natus eos deserunt.','2019-07-15 11:09:47','2019-07-15 11:09:47'),(892,74,5,'Aperiam asperiores qui tenetur rerum.','2019-07-07 09:34:58','2019-07-07 09:34:58'),(893,38,6,'Quidem sapiente corrupti in ut.','2019-07-22 03:46:57','2019-07-22 03:46:57'),(894,76,8,'Asperiores laboriosam sed quo sint cumque quia.','2019-07-13 14:03:53','2019-07-13 14:03:53'),(895,95,3,'Quos velit sit ducimus dolorum rerum.','2019-07-13 10:29:50','2019-07-13 10:29:50'),(896,18,2,'Vero quibusdam necessitatibus quam non voluptas.','2019-06-27 11:18:31','2019-06-27 11:18:31'),(897,24,7,'Alias aliquam vero natus alias architecto.','2019-07-12 18:37:53','2019-07-12 18:37:53'),(898,42,6,'Omnis qui eius iusto.','2019-07-03 18:05:12','2019-07-03 18:05:12'),(899,40,3,'Numquam repellat pariatur deserunt officiis omnis eveniet exercitationem.','2019-06-28 16:11:47','2019-06-28 16:11:47'),(900,6,7,'Excepturi commodi ea quo non.','2019-07-24 09:46:03','2019-07-24 09:46:03'),(901,100,4,'Harum ex ut consequuntur iste.','2019-07-16 18:23:05','2019-07-16 18:23:05'),(902,78,3,'Sunt et id maiores illo doloremque quae dolor dolor.','2019-07-10 03:19:32','2019-07-10 03:19:32'),(903,11,8,'Explicabo in velit ut quae quas.','2019-07-06 00:31:24','2019-07-06 00:31:24'),(904,68,7,'Modi quia ut molestias quisquam dolores.','2019-07-15 19:13:17','2019-07-15 19:13:17'),(905,26,7,'Culpa ut unde occaecati architecto doloremque eveniet recusandae.','2019-07-16 05:22:50','2019-07-16 05:22:50'),(906,46,4,'Accusantium neque ad aut suscipit dolorem.','2019-06-29 05:36:20','2019-06-29 05:36:20'),(907,86,4,'Aut illo minima tenetur.','2019-07-22 06:38:29','2019-07-22 06:38:29'),(908,77,1,'Necessitatibus aut molestiae voluptates nulla nulla.','2019-07-14 15:49:04','2019-07-14 15:49:04'),(909,5,1,'Qui voluptas quo est.','2019-07-04 17:03:48','2019-07-04 17:03:48'),(910,13,10,'Saepe cum eum harum unde.','2019-06-30 07:14:20','2019-06-30 07:14:20'),(911,88,9,'Eum neque et laborum error quis porro expedita.','2019-07-12 04:39:16','2019-07-12 04:39:16'),(912,32,10,'Suscipit nihil velit molestias est.','2019-07-12 19:17:10','2019-07-12 19:17:10'),(913,10,6,'Aut molestias qui sit aut.','2019-07-20 10:35:45','2019-07-20 10:35:45'),(914,23,10,'Ut repudiandae accusantium odit quae.','2019-07-21 13:01:44','2019-07-21 13:01:44'),(915,59,7,'Corporis alias omnis ea voluptatem pariatur dolorum.','2019-07-23 00:07:48','2019-07-23 00:07:48'),(916,23,4,'Maiores labore voluptas voluptate quasi tempore quia.','2019-07-03 17:08:58','2019-07-03 17:08:58'),(917,12,1,'Eveniet soluta similique placeat maxime et qui.','2019-07-19 06:43:50','2019-07-19 06:43:50'),(918,18,3,'Voluptas quidem non dicta aspernatur dolor aspernatur.','2019-07-18 18:59:32','2019-07-18 18:59:32'),(919,40,10,'Illo et totam neque deserunt.','2019-06-26 20:38:02','2019-06-26 20:38:02'),(920,100,4,'Ut et architecto et ut voluptatem.','2019-06-26 05:47:24','2019-06-26 05:47:24'),(921,68,5,'Sed vel ipsum ut deserunt reiciendis non.','2019-06-27 03:23:23','2019-06-27 03:23:23'),(922,20,9,'Quaerat quae tempora distinctio ipsam nisi vel.','2019-07-10 09:17:51','2019-07-10 09:17:51'),(923,13,10,'Eos totam rerum modi accusamus inventore consequatur nesciunt.','2019-07-02 03:25:50','2019-07-02 03:25:50'),(924,26,7,'Nam animi nihil dolores aut impedit esse earum.','2019-07-02 06:29:24','2019-07-02 06:29:24'),(925,6,3,'Porro error commodi officiis veniam voluptatem.','2019-07-03 02:18:23','2019-07-03 02:18:23'),(926,5,7,'Rerum rem eius expedita delectus.','2019-07-24 21:51:12','2019-07-24 21:51:12'),(927,61,6,'Quidem ut occaecati consequuntur in voluptatem quas sint.','2019-06-25 12:55:30','2019-06-25 12:55:30'),(928,33,5,'Quia accusamus consequatur consequatur sint occaecati sunt quo consequatur.','2019-07-24 15:58:44','2019-07-24 15:58:44'),(929,51,9,'Labore ut placeat est sed quisquam debitis magnam facere.','2019-07-17 03:51:36','2019-07-17 03:51:36'),(930,94,2,'Et sit accusamus expedita dignissimos sapiente.','2019-07-23 05:30:28','2019-07-23 05:30:28'),(931,7,9,'Consequuntur itaque quasi iste molestias non aut minima culpa.','2019-06-28 22:38:38','2019-06-28 22:38:38'),(932,62,2,'Explicabo ut libero amet labore et id non qui.','2019-06-25 19:21:58','2019-06-25 19:21:58'),(933,57,1,'Ipsum molestiae provident beatae accusantium rem iure optio.','2019-07-02 22:53:00','2019-07-02 22:53:00'),(934,55,4,'Veritatis assumenda et est sed explicabo.','2019-07-13 09:18:25','2019-07-13 09:18:25'),(935,76,9,'Id expedita ipsam eos consequatur sed.','2019-07-01 13:21:29','2019-07-01 13:21:29'),(936,74,4,'Non quasi pariatur quo est quasi accusantium perspiciatis.','2019-07-17 05:26:45','2019-07-17 05:26:45'),(937,56,4,'Iure ipsum dolor sed sint qui iste error fuga.','2019-07-05 18:46:36','2019-07-05 18:46:36'),(938,66,3,'Consequatur soluta est eum quas architecto est dolores officiis.','2019-07-22 21:51:37','2019-07-22 21:51:37'),(939,3,10,'Laudantium non consequatur autem animi.','2019-07-06 18:04:38','2019-07-06 18:04:38'),(940,73,3,'Similique aut corrupti ratione eius officiis id.','2019-06-27 12:22:25','2019-06-27 12:22:25'),(941,90,1,'Eos occaecati aut in a mollitia.','2019-07-21 05:05:42','2019-07-21 05:05:42'),(942,42,8,'Cum eos numquam non earum.','2019-07-02 05:10:00','2019-07-02 05:10:00'),(943,89,1,'Distinctio dicta vel quibusdam tempora accusamus voluptas.','2019-07-05 05:32:45','2019-07-05 05:32:45'),(944,85,5,'Libero quia vel exercitationem aliquam eius minus aut.','2019-07-11 04:35:57','2019-07-11 04:35:57'),(945,42,3,'Reiciendis ea quisquam et quisquam eum.','2019-07-17 05:16:46','2019-07-17 05:16:46'),(946,77,3,'Vero suscipit eaque veritatis repellat.','2019-07-17 12:41:31','2019-07-17 12:41:31'),(947,52,8,'Quo et eum eos et.','2019-07-20 23:17:19','2019-07-20 23:17:19'),(948,34,4,'Quis suscipit cumque et dolorem eum voluptates aliquid.','2019-07-14 18:37:52','2019-07-14 18:37:52'),(949,38,5,'Vel et voluptatem voluptates nostrum ipsam exercitationem vitae.','2019-07-14 22:52:09','2019-07-14 22:52:09'),(950,46,4,'Quis quia assumenda voluptatem sunt.','2019-07-24 10:56:45','2019-07-24 10:56:45'),(951,67,3,'Ut itaque esse aut officiis cum ullam quia.','2019-06-29 15:16:15','2019-06-29 15:16:15'),(952,67,3,'Facilis qui officiis temporibus rerum.','2019-07-09 14:29:02','2019-07-09 14:29:02'),(953,12,4,'Rerum est dolor rerum molestiae non et ea.','2019-07-24 01:18:03','2019-07-24 01:18:03'),(954,99,7,'Illum autem rerum qui odit tempore mollitia.','2019-06-28 11:17:45','2019-06-28 11:17:45'),(955,37,4,'Earum non in est sed ea.','2019-07-03 02:26:07','2019-07-03 02:26:07'),(956,94,10,'Corporis accusamus harum sed et qui eum.','2019-06-29 07:10:17','2019-06-29 07:10:17'),(957,93,1,'Est quia a est et.','2019-07-21 21:19:16','2019-07-21 21:19:16'),(958,87,4,'Velit consequatur enim dignissimos architecto quisquam ea quaerat.','2019-07-22 05:44:00','2019-07-22 05:44:00'),(959,1,5,'Sunt ad fugit error non.','2019-07-03 09:44:52','2019-07-03 09:44:52'),(960,92,2,'Dolore voluptate asperiores qui aperiam deleniti.','2019-07-05 17:09:31','2019-07-05 17:09:31'),(961,100,2,'Blanditiis quaerat numquam aliquam omnis ad.','2019-07-21 01:05:29','2019-07-21 01:05:29'),(962,75,3,'Ut minima aperiam voluptas expedita sed debitis sint.','2019-06-25 14:25:07','2019-06-25 14:25:07'),(963,81,6,'Velit veniam at sequi perspiciatis veniam dolores.','2019-07-01 05:29:58','2019-07-01 05:29:58'),(964,48,1,'Consectetur consequatur sed deserunt at sequi quo aut.','2019-07-07 12:40:46','2019-07-07 12:40:46'),(965,49,1,'Sit aut porro aut reprehenderit alias id.','2019-07-19 23:24:45','2019-07-19 23:24:45'),(966,17,2,'Veniam et id maiores non vel.','2019-07-24 10:53:48','2019-07-24 10:53:48'),(967,68,3,'Saepe reiciendis nostrum adipisci ipsa amet pariatur quo.','2019-07-11 02:36:06','2019-07-11 02:36:06'),(968,69,1,'Perferendis accusamus sapiente qui placeat ut autem.','2019-06-30 09:15:57','2019-06-30 09:15:57'),(969,93,10,'Quae ipsum aut ipsa sit sequi aut quam.','2019-07-11 08:20:07','2019-07-11 08:20:07'),(970,8,8,'Reiciendis ratione sint blanditiis inventore.','2019-07-14 06:32:09','2019-07-14 06:32:09'),(971,18,9,'Ab ea omnis et est reprehenderit beatae exercitationem et.','2019-07-13 09:34:24','2019-07-13 09:34:24'),(972,10,3,'Vero dolor velit non qui.','2019-07-12 10:37:57','2019-07-12 10:37:57'),(973,37,10,'Tempora aperiam inventore ipsum ab unde sint.','2019-07-01 09:29:50','2019-07-01 09:29:50'),(974,52,1,'Beatae et fuga porro doloremque aliquam.','2019-07-19 03:00:07','2019-07-19 03:00:07'),(975,31,2,'Dolor repudiandae et impedit commodi.','2019-07-17 12:19:14','2019-07-17 12:19:14'),(976,37,8,'Iure beatae odio et.','2019-07-23 22:27:52','2019-07-23 22:27:52'),(977,42,7,'Aut eum tenetur voluptate officiis.','2019-07-13 06:31:55','2019-07-13 06:31:55'),(978,25,2,'Quos et et sed rerum ex non architecto.','2019-07-09 08:18:11','2019-07-09 08:18:11'),(979,49,7,'Consequatur sapiente enim dolorem culpa aut rerum exercitationem.','2019-07-19 16:03:43','2019-07-19 16:03:43'),(980,58,3,'Ut voluptatem consectetur voluptatem voluptatibus.','2019-07-12 08:34:52','2019-07-12 08:34:52'),(981,65,2,'Ut similique rerum nemo earum distinctio.','2019-07-15 21:55:19','2019-07-15 21:55:19'),(982,41,6,'Occaecati et nam voluptatibus voluptatibus consequatur.','2019-07-17 00:40:40','2019-07-17 00:40:40'),(983,14,4,'Non sit quaerat voluptas accusantium nihil laborum.','2019-07-03 16:29:53','2019-07-03 16:29:53'),(984,79,10,'Magnam qui nostrum atque.','2019-06-29 11:53:43','2019-06-29 11:53:43'),(985,27,7,'Voluptatem tenetur impedit eum a consequatur ducimus modi.','2019-07-22 12:37:47','2019-07-22 12:37:47'),(986,87,5,'At voluptates vitae quia dolorem.','2019-07-21 01:50:49','2019-07-21 01:50:49'),(987,70,4,'Commodi sit qui qui corporis odit reiciendis.','2019-07-16 08:40:21','2019-07-16 08:40:21'),(988,13,1,'Ipsam eum error porro aspernatur voluptas vel aliquam reprehenderit.','2019-07-18 02:47:51','2019-07-18 02:47:51'),(989,25,8,'Doloribus sint vero perspiciatis aut libero est.','2019-07-14 07:23:23','2019-07-14 07:23:23'),(990,83,7,'Dolores nisi ipsam non inventore.','2019-06-29 07:07:27','2019-06-29 07:07:27'),(991,85,1,'Sint nostrum dolores ut dolor commodi odit soluta.','2019-07-16 00:17:11','2019-07-16 00:17:11'),(992,92,5,'Veniam consequatur aspernatur hic nesciunt provident.','2019-07-07 10:51:35','2019-07-07 10:51:35'),(993,23,7,'Natus voluptatibus aspernatur autem aliquam dolorem.','2019-06-30 18:51:26','2019-06-30 18:51:26'),(994,32,7,'Maiores quae itaque vero voluptatem.','2019-06-29 03:33:37','2019-06-29 03:33:37'),(995,85,10,'Repellendus odio est tempora quo porro maiores.','2019-06-26 23:28:54','2019-06-26 23:28:54'),(996,1,4,'Laboriosam corrupti et impedit omnis eligendi aut.','2019-07-03 21:32:11','2019-07-03 21:32:11'),(997,59,7,'Aut voluptas voluptatem et omnis deserunt autem et.','2019-07-20 08:08:56','2019-07-20 08:08:56'),(998,26,9,'Quis ut autem odio repudiandae quia id.','2019-07-14 21:09:43','2019-07-14 21:09:43'),(999,54,1,'Unde dolores assumenda eum facilis ut.','2019-06-27 21:29:39','2019-06-27 21:29:39'),(1000,15,9,'Itaque autem et qui nemo omnis doloribus.','2019-06-26 15:19:15','2019-06-26 15:19:15');
/*!40000 ALTER TABLE `replies` ENABLE KEYS */;
UNLOCK TABLES;

--
-- Table structure for table `role_has_permissions`
--

DROP TABLE IF EXISTS `role_has_permissions`;
/*!40101 SET @saved_cs_client     = @@character_set_client */;
/*!40101 SET character_set_client = utf8 */;
CREATE TABLE `role_has_permissions` (
  `permission_id` int(10) unsigned NOT NULL,
  `role_id` int(10) unsigned NOT NULL,
  PRIMARY KEY (`permission_id`,`role_id`),
  KEY `role_has_permissions_role_id_foreign` (`role_id`),
  CONSTRAINT `role_has_permissions_permission_id_foreign` FOREIGN KEY (`permission_id`) REFERENCES `permissions` (`id`) ON DELETE CASCADE,
  CONSTRAINT `role_has_permissions_role_id_foreign` FOREIGN KEY (`role_id`) REFERENCES `roles` (`id`) ON DELETE CASCADE
) ENGINE=InnoDB DEFAULT CHARSET=utf8mb4 COLLATE=utf8mb4_unicode_ci;
/*!40101 SET character_set_client = @saved_cs_client */;

--
-- Dumping data for table `role_has_permissions`
--

LOCK TABLES `role_has_permissions` WRITE;
/*!40000 ALTER TABLE `role_has_permissions` DISABLE KEYS */;
INSERT INTO `role_has_permissions` VALUES (1,1),(2,1),(3,1),(1,2);
/*!40000 ALTER TABLE `role_has_permissions` ENABLE KEYS */;
UNLOCK TABLES;

--
-- Table structure for table `roles`
--

DROP TABLE IF EXISTS `roles`;
/*!40101 SET @saved_cs_client     = @@character_set_client */;
/*!40101 SET character_set_client = utf8 */;
CREATE TABLE `roles` (
  `id` int(10) unsigned NOT NULL AUTO_INCREMENT,
  `name` varchar(255) COLLATE utf8mb4_unicode_ci NOT NULL,
  `guard_name` varchar(255) COLLATE utf8mb4_unicode_ci NOT NULL,
  `created_at` timestamp NULL DEFAULT NULL,
  `updated_at` timestamp NULL DEFAULT NULL,
  PRIMARY KEY (`id`)
) ENGINE=InnoDB AUTO_INCREMENT=3 DEFAULT CHARSET=utf8mb4 COLLATE=utf8mb4_unicode_ci;
/*!40101 SET character_set_client = @saved_cs_client */;

--
-- Dumping data for table `roles`
--

LOCK TABLES `roles` WRITE;
/*!40000 ALTER TABLE `roles` DISABLE KEYS */;
INSERT INTO `roles` VALUES (1,'Founder','web','2019-07-25 07:24:57','2019-07-25 07:24:57'),(2,'Maintainer','web','2019-07-25 07:24:57','2019-07-25 07:24:57');
/*!40000 ALTER TABLE `roles` ENABLE KEYS */;
UNLOCK TABLES;

--
-- Table structure for table `topics`
--

DROP TABLE IF EXISTS `topics`;
/*!40101 SET @saved_cs_client     = @@character_set_client */;
/*!40101 SET character_set_client = utf8 */;
CREATE TABLE `topics` (
  `id` int(10) unsigned NOT NULL AUTO_INCREMENT,
  `title` varchar(255) COLLATE utf8mb4_unicode_ci NOT NULL,
  `body` text COLLATE utf8mb4_unicode_ci NOT NULL,
  `user_id` bigint(20) unsigned NOT NULL,
  `category_id` int(10) unsigned NOT NULL,
  `reply_count` int(10) unsigned NOT NULL DEFAULT '0',
  `view_count` int(10) unsigned NOT NULL DEFAULT '0',
  `last_reply_user_id` int(10) unsigned NOT NULL DEFAULT '0',
  `order` int(10) unsigned NOT NULL DEFAULT '0',
  `excerpt` text COLLATE utf8mb4_unicode_ci,
  `slug` varchar(255) COLLATE utf8mb4_unicode_ci DEFAULT NULL,
  `created_at` timestamp NULL DEFAULT NULL,
  `updated_at` timestamp NULL DEFAULT NULL,
  PRIMARY KEY (`id`),
  KEY `topics_title_index` (`title`),
  KEY `topics_user_id_index` (`user_id`),
  KEY `topics_category_id_index` (`category_id`),
  CONSTRAINT `topics_user_id_foreign` FOREIGN KEY (`user_id`) REFERENCES `users` (`id`) ON DELETE CASCADE
) ENGINE=InnoDB AUTO_INCREMENT=101 DEFAULT CHARSET=utf8mb4 COLLATE=utf8mb4_unicode_ci;
/*!40101 SET character_set_client = @saved_cs_client */;

--
-- Dumping data for table `topics`
--

LOCK TABLES `topics` WRITE;
/*!40000 ALTER TABLE `topics` DISABLE KEYS */;
INSERT INTO `topics` VALUES (1,'Molestias ea beatae velit accusantium eum explicabo.','Pariatur modi reiciendis voluptas accusantium iste. Natus debitis dolor voluptates rerum omnis quam. Quasi non quo eum eveniet. Incidunt accusantium dolorem sapiente laudantium aut et.',8,1,0,0,0,0,'Molestias ea beatae velit accusantium eum explicabo.',NULL,'2019-07-17 13:55:21','2019-07-19 01:47:27'),(2,'Non asperiores rerum mollitia sunt optio non quia.','Optio vitae voluptas fugiat molestias fuga. Placeat aut voluptas quia ipsa praesentium. Occaecati doloremque quas veritatis sunt.',3,3,0,0,0,0,'Non asperiores rerum mollitia sunt optio non quia.',NULL,'2019-07-10 23:13:59','2019-07-22 15:03:21'),(3,'Sed quas voluptate aspernatur ipsa.','Laudantium nihil minima qui ut repellendus rerum officia dolorum. Fuga quos ducimus quos amet architecto iusto dolor. Cumque omnis animi omnis repellendus dolores nulla reiciendis.',1,3,0,0,0,0,'Sed quas voluptate aspernatur ipsa.',NULL,'2019-07-01 07:50:57','2019-07-21 08:46:47'),(4,'Nisi et consequatur nam praesentium praesentium aliquam nihil.','Laboriosam cum ratione possimus officiis consequatur. Autem quas enim nam omnis sunt qui.',4,2,0,0,0,0,'Nisi et consequatur nam praesentium praesentium aliquam nihil.',NULL,'2019-07-13 16:17:21','2019-07-24 13:09:57'),(5,'Ea ducimus voluptas consequatur voluptas voluptatum.','Praesentium ratione iusto consequatur ab commodi possimus sit adipisci. Amet ex assumenda nam. Iste quo et ipsum dolorem ab consectetur. Ut officia delectus expedita suscipit aut et.',6,2,0,0,0,0,'Ea ducimus voluptas consequatur voluptas voluptatum.',NULL,'2019-06-30 10:54:50','2019-07-01 13:57:17'),(6,'Eaque aut optio qui asperiores aut.','Sint laborum minus inventore deserunt fuga. Optio qui ducimus explicabo similique eum sit. Soluta optio nobis alias et.',10,1,0,0,0,0,'Eaque aut optio qui asperiores aut.',NULL,'2019-07-12 12:42:23','2019-07-21 21:46:34'),(7,'Voluptatem expedita itaque non non quo ullam harum repudiandae.','Et voluptatem et porro odio adipisci. Consequatur maiores possimus tempore. Unde eos ut dolore nobis eos aut. Assumenda alias quia sint qui.',7,4,0,0,0,0,'Voluptatem expedita itaque non non quo ullam harum repudiandae.',NULL,'2019-07-02 06:55:56','2019-07-25 02:17:20'),(8,'Dolores natus reiciendis similique aliquid voluptatem ut molestiae.','Consequatur cumque modi amet voluptatem repellat qui laborum. Quia molestiae placeat nemo consequuntur. Dolores sed suscipit sint dolorem et. Est incidunt sit vel facere vel.',6,3,0,0,0,0,'Dolores natus reiciendis similique aliquid voluptatem ut molestiae.',NULL,'2019-07-02 21:08:04','2019-07-19 06:15:00'),(9,'Expedita vero enim dicta fugit ducimus odio at.','Itaque amet iure ratione. Magnam maiores nobis voluptatum beatae aspernatur quam ullam. Repudiandae recusandae et non nemo nesciunt qui.',9,3,0,0,0,0,'Expedita vero enim dicta fugit ducimus odio at.',NULL,'2019-07-01 05:06:26','2019-07-03 10:29:17'),(10,'Et omnis quod cupiditate sunt velit.','Velit ab quam rem facere corporis quisquam magni. Quis aut odio in et. Tenetur sit molestiae aut unde. Autem voluptatibus velit ad voluptatum nihil quaerat repudiandae.',4,2,0,0,0,0,'Et omnis quod cupiditate sunt velit.',NULL,'2019-06-26 18:29:38','2019-07-07 14:19:18'),(11,'Hic soluta quia similique sunt veritatis.','Vel mollitia et vitae vel. Repellat blanditiis sed dolores quo quos. Aut repudiandae fugiat fugiat harum. Officiis qui corrupti fuga et et sed.',9,4,0,0,0,0,'Hic soluta quia similique sunt veritatis.',NULL,'2019-07-08 10:11:45','2019-07-10 08:04:03'),(12,'Molestias occaecati aspernatur quis ut eum.','Illo est quo veniam iste minus est. Optio libero est modi quod est aliquam. Quia dolorum dolores sapiente ut necessitatibus fugiat commodi. Dolor alias quo nihil consequuntur itaque consectetur.',7,2,0,0,0,0,'Molestias occaecati aspernatur quis ut eum.',NULL,'2019-06-26 04:44:25','2019-07-02 16:27:41'),(13,'Deleniti aspernatur dolorem dolorum.','Possimus quia pariatur sint expedita. Est est quia possimus veniam quis officia.',5,1,0,0,0,0,'Deleniti aspernatur dolorem dolorum.',NULL,'2019-06-26 13:20:07','2019-07-20 13:45:03'),(14,'Officia at ratione dolorum architecto temporibus minus et.','Autem est quo nisi quae. Nostrum corrupti amet qui. Cupiditate est et veniam error fugit culpa.',5,4,0,0,0,0,'Officia at ratione dolorum architecto temporibus minus et.',NULL,'2019-07-02 04:23:44','2019-07-04 18:49:45'),(15,'Consectetur eveniet molestiae at.','Pariatur accusamus eum et quisquam qui nulla asperiores. Officia debitis et sequi numquam. Dicta adipisci omnis aut accusantium. Veritatis ut nisi quas et.',2,3,0,0,0,0,'Consectetur eveniet molestiae at.',NULL,'2019-06-25 14:49:12','2019-06-25 18:16:20'),(16,'Aut alias porro tempora tempora provident.','Est repellat autem alias quo aut ipsum consequatur. Vel ut temporibus non consequatur. Qui quo architecto error qui. Rem quos totam quo.',8,1,0,0,0,0,'Aut alias porro tempora tempora provident.',NULL,'2019-06-28 15:35:07','2019-06-30 15:54:26'),(17,'Distinctio excepturi sunt nam quis.','Illum reprehenderit quisquam eum quisquam. Reprehenderit sint in accusamus. In natus iste ea commodi.',10,4,0,0,0,0,'Distinctio excepturi sunt nam quis.',NULL,'2019-06-29 11:27:55','2019-07-11 20:32:54'),(18,'Et odio ut quo.','Laboriosam sint sit expedita quaerat. Consequatur est quia est nihil in. Qui qui velit exercitationem totam quibusdam atque asperiores excepturi. Natus dicta est omnis reprehenderit.',4,2,0,0,0,0,'Et odio ut quo.',NULL,'2019-06-28 20:12:04','2019-07-03 10:45:33'),(19,'Quod ad quia id voluptatibus molestiae sed.','Iusto ut nihil quia ducimus. Dicta odit et quisquam pariatur. Ipsam eum natus similique nemo dolore neque.',4,1,0,0,0,0,'Quod ad quia id voluptatibus molestiae sed.',NULL,'2019-07-16 03:31:21','2019-07-16 23:13:58'),(20,'Nihil impedit facere non accusantium earum magni doloremque.','Eum tenetur et deleniti et consectetur. Minus perspiciatis ea quia suscipit. Beatae inventore sit laudantium esse.',7,1,0,0,0,0,'Nihil impedit facere non accusantium earum magni doloremque.',NULL,'2019-06-26 10:04:22','2019-07-02 09:08:54'),(21,'Non qui voluptatibus voluptate.','Aut assumenda iste quos tempore consectetur corrupti et. Voluptas aliquam consequatur similique optio fugiat amet laborum. Iure quia aut excepturi est voluptas aspernatur nam. Id sunt ut et.',2,4,0,0,0,0,'Non qui voluptatibus voluptate.',NULL,'2019-07-18 12:06:25','2019-07-19 23:03:54'),(22,'Mollitia exercitationem sed animi et at debitis.','Et cum ut ipsa voluptas placeat quia deleniti ab. Exercitationem quae culpa deleniti ut assumenda. Consequatur quia excepturi est provident a neque accusantium.',8,3,0,0,0,0,'Mollitia exercitationem sed animi et at debitis.',NULL,'2019-06-26 08:14:15','2019-06-27 15:54:19'),(23,'Vel et placeat fugiat voluptates.','Magni in modi maxime cum in distinctio. Similique nihil consequatur non et esse quo. Ipsam non id ab nihil eum quaerat. Sapiente velit aut praesentium reprehenderit voluptatem.',9,3,0,0,0,0,'Vel et placeat fugiat voluptates.',NULL,'2019-06-26 14:42:33','2019-06-27 12:29:34'),(24,'Consequatur omnis autem impedit ipsa.','Aut minima corrupti sed debitis. Quis sit molestiae nostrum atque itaque neque. Explicabo rerum dolores dolorum quam.',7,3,0,0,0,0,'Consequatur omnis autem impedit ipsa.',NULL,'2019-07-01 03:20:49','2019-07-12 04:54:32'),(25,'Veniam magni velit dolor in molestiae ut id.','Cupiditate impedit dignissimos facilis dolore eligendi accusamus. Laudantium non et officia. Amet magni magnam quo. Inventore voluptates accusamus est.',4,1,0,0,0,0,'Veniam magni velit dolor in molestiae ut id.',NULL,'2019-07-17 14:56:42','2019-07-23 21:58:48'),(26,'Sint molestiae fugiat qui ducimus.','Ipsum nihil quia nostrum delectus. Culpa dolor repellendus pariatur adipisci cumque sit totam. Eum rerum in perferendis nobis. Sapiente quia voluptatibus voluptas dolor autem repellat dignissimos.',10,2,0,0,0,0,'Sint molestiae fugiat qui ducimus.',NULL,'2019-07-14 06:33:45','2019-07-15 09:16:13'),(27,'Ea ipsam distinctio aut magnam totam et est.','Harum nemo ut ad non deleniti. Eveniet quia expedita et voluptas architecto. Non nisi molestiae hic delectus.',7,4,0,0,0,0,'Ea ipsam distinctio aut magnam totam et est.',NULL,'2019-07-14 03:28:07','2019-07-14 16:04:13'),(28,'Repellendus et molestiae consectetur dolorem molestiae ipsam id.','Sunt aliquam aspernatur et nihil ducimus assumenda sed quo. Et ut eos nulla sequi. A cumque officiis est dolorem omnis sapiente quasi.',1,1,0,0,0,0,'Repellendus et molestiae consectetur dolorem molestiae ipsam id.',NULL,'2019-07-05 14:52:25','2019-07-23 15:46:42'),(29,'Voluptas similique tempore nihil quam culpa.','Rerum pariatur rem omnis accusamus voluptatibus quo consequatur. Veniam quos ab beatae nulla quia labore sed sit. Quisquam quia qui porro maxime. Ut quam unde ullam ut dolor quia explicabo vero.',6,3,0,0,0,0,'Voluptas similique tempore nihil quam culpa.',NULL,'2019-06-25 21:04:22','2019-07-06 11:08:06'),(30,'Id fugiat quisquam nihil autem numquam molestiae.','Adipisci ipsa voluptatibus laudantium quia ut voluptas. Consequuntur in facere aut voluptatem repudiandae maiores et et. Nihil est sed corporis incidunt.',8,2,0,0,0,0,'Id fugiat quisquam nihil autem numquam molestiae.',NULL,'2019-06-29 07:55:17','2019-07-06 14:29:45'),(31,'Pariatur quo ad pariatur ratione neque esse.','Et accusantium nisi dolor expedita sunt laboriosam dolor facilis. Nam ratione reiciendis architecto voluptatibus. Est et provident quibusdam voluptatum. Aut neque laboriosam iure quibusdam.',1,4,0,0,0,0,'Pariatur quo ad pariatur ratione neque esse.',NULL,'2019-07-07 17:48:29','2019-07-16 23:36:01'),(32,'Explicabo totam illum nobis quod quo aliquam nesciunt nemo.','Consequatur quisquam dolorem dolor nihil pariatur aut error. Sapiente non ad sapiente eius voluptate eius enim. Aperiam voluptatem quidem labore corporis id excepturi possimus.',6,1,0,0,0,0,'Explicabo totam illum nobis quod quo aliquam nesciunt nemo.',NULL,'2019-07-08 13:48:32','2019-07-21 19:30:01'),(33,'Fuga dolor quia vel perferendis.','Similique delectus et molestiae ea non occaecati voluptas. Quidem et alias aliquid. Et dolorem facere et blanditiis eum consequuntur beatae.',6,4,0,0,0,0,'Fuga dolor quia vel perferendis.',NULL,'2019-07-03 10:20:18','2019-07-20 02:30:28'),(34,'Molestiae placeat ut minus officiis accusamus commodi.','Accusantium fugit dolores voluptatem et atque explicabo vero. Qui et quas minima officiis ea dolores. Hic soluta vitae unde esse est suscipit.',8,4,0,0,0,0,'Molestiae placeat ut minus officiis accusamus commodi.',NULL,'2019-06-28 18:09:51','2019-07-21 09:04:48'),(35,'Accusamus pariatur culpa voluptates ex quidem reprehenderit.','Est quod harum iure optio. Quisquam molestiae ducimus qui et nihil. Et nam minima nam omnis ducimus aliquid quam.',9,2,0,0,0,0,'Accusamus pariatur culpa voluptates ex quidem reprehenderit.',NULL,'2019-06-27 00:08:33','2019-06-30 01:22:40'),(36,'Sed doloremque quia velit et totam libero.','Sed rerum qui ut ab et nemo laborum. Et iure id repudiandae nihil quo. Sapiente aliquam et dolorum quam. Maiores quia molestiae quis minus.',7,1,0,0,0,0,'Sed doloremque quia velit et totam libero.',NULL,'2019-07-08 04:46:07','2019-07-24 19:35:34'),(37,'Et temporibus voluptate quisquam placeat iste rerum aliquam excepturi.','Porro fugit natus quia qui quis. Veniam maiores placeat aspernatur accusantium. Et placeat voluptas sapiente facilis ullam voluptas.',3,4,0,0,0,0,'Et temporibus voluptate quisquam placeat iste rerum aliquam excepturi.',NULL,'2019-06-27 04:28:33','2019-07-07 08:45:49'),(38,'Architecto neque vel omnis consectetur illum quia repellendus.','Nihil neque esse veritatis illum est. Maiores ut iure numquam. Impedit amet velit deleniti qui.',7,1,0,0,0,0,'Architecto neque vel omnis consectetur illum quia repellendus.',NULL,'2019-06-25 12:25:59','2019-07-20 12:34:23'),(39,'Voluptatem eos corporis cum aperiam reiciendis animi.','Sint nihil iure quam esse exercitationem. Unde quia officia dolores magnam debitis in autem omnis. Qui impedit placeat sed natus. Facere libero occaecati dicta rerum iure aspernatur ipsam.',10,1,0,0,0,0,'Voluptatem eos corporis cum aperiam reiciendis animi.',NULL,'2019-06-25 15:55:21','2019-06-27 21:55:46'),(40,'Soluta velit vitae molestias aperiam.','Aut est eos repellendus iure est. Dolorem qui enim et. Animi officia modi nam laboriosam.',6,1,0,0,0,0,'Soluta velit vitae molestias aperiam.',NULL,'2019-06-28 08:29:36','2019-06-30 02:23:23'),(41,'Sit cupiditate quia totam facere optio ipsa provident.','Rem autem pariatur voluptas quia fugiat qui eveniet nulla. Voluptates similique quia totam. Omnis soluta quia sit assumenda tenetur eos molestiae.',2,2,0,0,0,0,'Sit cupiditate quia totam facere optio ipsa provident.',NULL,'2019-07-06 04:12:32','2019-07-17 13:22:30'),(42,'Eius ea eum natus culpa non.','Ratione labore optio officia. Non ut laborum ullam perferendis molestiae rerum qui non. Molestiae provident quas dolorem sit quidem labore.',6,3,0,0,0,0,'Eius ea eum natus culpa non.',NULL,'2019-07-03 14:58:47','2019-07-07 17:59:04'),(43,'Harum quibusdam consequatur eaque autem nulla possimus.','Accusamus autem fuga hic accusantium qui quia. Eveniet aut quaerat minus in vero est sit.',2,4,0,0,0,0,'Harum quibusdam consequatur eaque autem nulla possimus.',NULL,'2019-07-03 16:14:34','2019-07-06 10:39:27'),(44,'Voluptatum recusandae dolores aut asperiores eius.','Praesentium rerum quia sit sit. Est corporis dolore voluptate. Minus non fugiat voluptas libero eius. Voluptate dolores magni veritatis laborum. Ipsum corporis sint velit adipisci itaque dolores.',9,2,0,0,0,0,'Voluptatum recusandae dolores aut asperiores eius.',NULL,'2019-06-30 10:36:47','2019-07-03 20:22:54'),(45,'Fugiat eos esse asperiores nihil voluptas ipsam.','Autem officia vero repellat et autem. Repudiandae nobis totam porro porro enim. Delectus vitae impedit corrupti.',5,3,0,0,0,0,'Fugiat eos esse asperiores nihil voluptas ipsam.',NULL,'2019-06-25 12:13:56','2019-07-09 09:42:16'),(46,'Et ipsa velit nobis.','Esse eaque rerum soluta temporibus. Soluta mollitia dolore molestiae qui. Exercitationem debitis molestiae qui placeat. Qui blanditiis consequuntur unde quam blanditiis.',8,3,0,0,0,0,'Et ipsa velit nobis.',NULL,'2019-06-26 23:11:42','2019-07-18 01:20:40'),(47,'Atque molestiae voluptas quibusdam praesentium sed cupiditate nesciunt.','Et qui labore tempore non. Qui ipsum et dolore non tempore nihil. Aut voluptates et fugiat.',9,3,0,0,0,0,'Atque molestiae voluptas quibusdam praesentium sed cupiditate nesciunt.',NULL,'2019-07-03 17:08:28','2019-07-04 23:37:37'),(48,'Enim minima laborum veritatis dolorum qui.','Quas velit exercitationem vel veniam praesentium. Eius id qui est reprehenderit ipsam a. Aut dicta vero alias saepe. Ut eum perferendis nisi nostrum nam laboriosam.',8,1,0,0,0,0,'Enim minima laborum veritatis dolorum qui.',NULL,'2019-06-28 15:23:04','2019-07-22 12:08:23'),(49,'Expedita et et commodi deserunt consectetur necessitatibus laudantium.','Molestiae ea mollitia reprehenderit alias. Numquam ducimus natus voluptates porro eos fugiat sed enim. Non quaerat tempora molestiae enim ipsa tenetur non. Pariatur aut deserunt dicta officiis.',7,3,0,0,0,0,'Expedita et et commodi deserunt consectetur necessitatibus laudantium.',NULL,'2019-06-26 22:13:02','2019-07-14 12:35:39'),(50,'Voluptatem voluptatem ut omnis odit illum enim consequuntur facilis.','Similique tempore saepe rerum facere repellendus cupiditate quas dolor. Aut impedit maxime vitae sunt consectetur odio at inventore. Eum mollitia reiciendis autem quia et commodi.',10,1,0,0,0,0,'Voluptatem voluptatem ut omnis odit illum enim consequuntur facilis.',NULL,'2019-07-15 00:57:50','2019-07-16 14:55:22'),(51,'Dolores commodi beatae vero.','Omnis ut minima incidunt ipsum quia. Quibusdam laboriosam quas rem odio. Quod numquam facilis explicabo id repellat aspernatur quis. Dolores sequi quae veritatis aliquam neque.',9,4,0,0,0,0,'Dolores commodi beatae vero.',NULL,'2019-06-26 10:11:41','2019-07-03 21:34:05'),(52,'Quia quisquam iusto ratione voluptatum sed blanditiis corrupti nobis.','Id ipsa non ex. Eos vel recusandae est velit reiciendis non. Ea omnis neque ipsam tenetur. Reprehenderit quo ad eum minus qui in rerum.',4,3,0,0,0,0,'Quia quisquam iusto ratione voluptatum sed blanditiis corrupti nobis.',NULL,'2019-07-06 09:46:50','2019-07-11 18:47:53'),(53,'Et rerum tempora ipsum sed sunt qui.','Commodi distinctio corporis nisi consequuntur. Maxime reiciendis eligendi natus. Nam delectus non maiores. Aspernatur quidem qui eius ex qui. Accusamus voluptas et et ea cupiditate odit molestias.',6,4,0,0,0,0,'Et rerum tempora ipsum sed sunt qui.',NULL,'2019-07-09 05:53:27','2019-07-09 15:08:10'),(54,'Perspiciatis aperiam aut dolore molestiae ex rerum.','Provident iusto neque vel quia. Delectus delectus voluptas illo soluta vitae quasi.',4,1,0,0,0,0,'Perspiciatis aperiam aut dolore molestiae ex rerum.',NULL,'2019-07-01 01:24:43','2019-07-04 20:10:07'),(55,'Nesciunt mollitia temporibus consequatur autem.','Non nobis eveniet qui occaecati ut eos. Et qui quia velit ratione temporibus adipisci dolorum. Autem tempora aut minima commodi.',1,1,0,0,0,0,'Nesciunt mollitia temporibus consequatur autem.',NULL,'2019-07-10 01:18:14','2019-07-12 21:19:35'),(56,'Ipsam at et libero provident molestias quam voluptatem.','Recusandae voluptatibus fuga assumenda. Et commodi sit ut in. Id odio soluta mollitia nam.',8,4,0,0,0,0,'Ipsam at et libero provident molestias quam voluptatem.',NULL,'2019-07-04 20:19:09','2019-07-18 17:50:36'),(57,'Non vitae maiores esse sed.','Quos quam id ex officia blanditiis. Illum ab voluptates esse. Quod ut deserunt itaque nihil.',7,4,0,0,0,0,'Non vitae maiores esse sed.',NULL,'2019-06-25 19:08:16','2019-06-27 06:48:50'),(58,'Eum pariatur fugiat earum temporibus repellendus odio molestiae.','Fuga ut a error occaecati ratione tenetur eveniet. Quis nulla odio dignissimos et maiores ex. Ipsa repudiandae dolorem ut. Esse et aut eaque.',4,2,0,0,0,0,'Eum pariatur fugiat earum temporibus repellendus odio molestiae.',NULL,'2019-06-30 19:45:30','2019-07-01 03:41:06'),(59,'Mollitia est molestiae placeat.','Et quis quos dolore aliquid eum. Ab cumque accusamus nobis praesentium laborum magni nobis harum.',7,1,0,0,0,0,'Mollitia est molestiae placeat.',NULL,'2019-07-05 17:24:53','2019-07-24 03:30:56'),(60,'Nihil et est non rerum quidem magnam aliquid.','Quaerat iure porro temporibus consequatur ut quo nostrum. Sed aliquam expedita quas. Saepe in tempore consequatur aut dolorem dolorum sed eaque.',5,2,0,0,0,0,'Nihil et est non rerum quidem magnam aliquid.',NULL,'2019-06-26 08:30:48','2019-06-27 04:51:38'),(61,'Illo perspiciatis sint et provident architecto.','Dolor provident modi et recusandae corporis molestiae. Quia sed autem explicabo repudiandae officiis voluptatum.',10,4,0,0,0,0,'Illo perspiciatis sint et provident architecto.',NULL,'2019-07-10 13:43:20','2019-07-19 09:52:56'),(62,'Perferendis velit blanditiis voluptatem voluptates.','Atque doloremque dolorem est tempora dolor eveniet eum. Accusamus aliquam vitae fuga quis nihil tenetur deserunt quo. Sit suscipit labore est minima iste non et nam. Possimus quam et magni et non.',2,3,0,0,0,0,'Perferendis velit blanditiis voluptatem voluptates.',NULL,'2019-06-26 04:55:19','2019-06-28 00:48:29'),(63,'Ab eligendi dolor illum impedit quo.','Quia voluptatem omnis praesentium dolore consequuntur quia doloremque et. Consequuntur quae est repudiandae ab sit voluptas minus. Voluptatem quia sint labore aut aut.',5,4,0,0,0,0,'Ab eligendi dolor illum impedit quo.',NULL,'2019-07-04 19:36:49','2019-07-11 18:20:39'),(64,'Rerum laudantium voluptate aliquam deserunt saepe totam.','Necessitatibus similique illum necessitatibus excepturi ab possimus quia. Eum temporibus id ipsum excepturi alias voluptatem quos.',8,1,0,0,0,0,'Rerum laudantium voluptate aliquam deserunt saepe totam.',NULL,'2019-07-07 03:28:21','2019-07-12 04:13:43'),(65,'Ut alias architecto distinctio voluptate.','Deserunt fuga nesciunt aut quisquam iure. Labore qui qui optio itaque. Aliquam modi debitis est nulla soluta. Sed nihil ipsum earum in qui ad praesentium.',8,3,0,0,0,0,'Ut alias architecto distinctio voluptate.',NULL,'2019-06-29 02:33:55','2019-07-16 12:01:39'),(66,'Ut ratione rerum illum porro nisi at.','Ad non ut quasi. Fuga beatae sint totam magni eos. Ex blanditiis perferendis reiciendis et nobis ea. Assumenda debitis quaerat laboriosam ipsam esse.',5,1,0,0,0,0,'Ut ratione rerum illum porro nisi at.',NULL,'2019-07-11 04:37:05','2019-07-13 15:49:30'),(67,'Deserunt ut necessitatibus expedita.','Accusamus dolorem consequatur commodi non fuga rerum perspiciatis. Qui et odit rerum vitae non corporis. Et saepe tempore perferendis voluptatem quae explicabo ipsum dolor.',5,3,0,0,0,0,'Deserunt ut necessitatibus expedita.',NULL,'2019-07-11 20:19:21','2019-07-16 19:05:27'),(68,'Qui impedit qui facere iure placeat molestias.','Quos ut ex quis dolorum. Consequuntur quae aut dolore quidem architecto praesentium ducimus. Illo eos tempore tempore aut eum maxime illo facilis.',2,1,0,0,0,0,'Qui impedit qui facere iure placeat molestias.',NULL,'2019-07-12 02:47:55','2019-07-12 11:02:51'),(69,'Neque at voluptas nostrum qui quia.','Nesciunt placeat dolorem voluptatibus dolor. Et molestias molestiae exercitationem necessitatibus. Veritatis nostrum laudantium quisquam amet libero temporibus ut.',6,4,0,0,0,0,'Neque at voluptas nostrum qui quia.',NULL,'2019-06-25 22:46:37','2019-06-26 15:36:42'),(70,'Eligendi ut exercitationem autem ipsa reiciendis et.','Et iste et nisi consectetur omnis distinctio porro. Id et dolore similique deleniti eos. Aut aut nulla expedita ea natus doloremque ipsum.',9,1,0,0,0,0,'Eligendi ut exercitationem autem ipsa reiciendis et.',NULL,'2019-06-28 21:48:26','2019-07-02 04:07:58'),(71,'Voluptatum quis praesentium voluptas commodi mollitia ea.','Dolor nesciunt sapiente quidem quo illo vel. Dolorum quia et nisi et non animi. Cum quia quis odit quam non excepturi.',5,1,0,0,0,0,'Voluptatum quis praesentium voluptas commodi mollitia ea.',NULL,'2019-07-05 01:17:56','2019-07-24 12:06:16'),(72,'Quis quia minus similique quo dolor consequatur.','Cumque eum id consectetur quod natus animi. Delectus modi et eaque enim et. Doloremque est cumque dolorem magnam.',8,2,0,0,0,0,'Quis quia minus similique quo dolor consequatur.',NULL,'2019-07-11 03:41:55','2019-07-24 16:17:29'),(73,'Natus repellat qui iusto cupiditate est eum.','Iure quis reiciendis soluta aperiam qui reiciendis. Eveniet dolorem dolorem dolore in omnis amet consequatur. Deleniti et aut nisi enim numquam error tempore non.',5,4,0,0,0,0,'Natus repellat qui iusto cupiditate est eum.',NULL,'2019-07-07 14:13:55','2019-07-12 14:06:27'),(74,'Recusandae quidem voluptates doloribus inventore modi consectetur non pariatur.','Inventore eius neque exercitationem molestias sed. Porro dolores omnis recusandae magnam ut voluptatem quibusdam tenetur. Et qui est atque assumenda. Qui mollitia et aspernatur sit vitae at.',7,3,0,0,0,0,'Recusandae quidem voluptates doloribus inventore modi consectetur non pariatur.',NULL,'2019-06-25 09:11:05','2019-06-26 00:45:37'),(75,'Exercitationem id id distinctio provident dolorem.','Et facilis rerum excepturi autem iste est. Sint natus quo sit recusandae nobis mollitia. Tempora adipisci sint sed aut ea vitae facere.',3,1,0,0,0,0,'Exercitationem id id distinctio provident dolorem.',NULL,'2019-06-29 23:56:52','2019-07-11 11:48:55'),(76,'Sed minus consequatur optio aperiam.','Distinctio recusandae hic voluptatum et. Molestias sit aperiam tenetur nisi sequi. Omnis quia cumque reprehenderit doloremque excepturi. Qui veniam sunt debitis et ipsam mollitia accusantium.',1,2,0,0,0,0,'Sed minus consequatur optio aperiam.',NULL,'2019-06-26 11:22:49','2019-07-07 05:48:22'),(77,'Vel laborum eos dolorem accusamus saepe est.','Nemo quia qui et quam quas. Ea animi placeat voluptate et. Exercitationem perspiciatis sunt eos rem dolorem qui. Non ut quos odio eos provident reiciendis perferendis veniam.',5,3,0,0,0,0,'Vel laborum eos dolorem accusamus saepe est.',NULL,'2019-06-26 12:12:34','2019-07-03 03:26:18'),(78,'Ullam cumque rerum harum voluptas consequatur omnis.','Odit facere ipsa soluta voluptatibus saepe. Velit mollitia temporibus aspernatur soluta corrupti. Qui aut voluptatem qui quia iure. Nemo omnis commodi est doloribus vel iste enim.',9,1,0,0,0,0,'Ullam cumque rerum harum voluptas consequatur omnis.',NULL,'2019-06-25 07:59:05','2019-07-15 00:58:40'),(79,'Sed non sequi ut incidunt voluptatum aut illum.','Iure veniam ratione labore et sed. Optio error id itaque optio sed. Aut corporis nostrum voluptates repellat est itaque.',5,3,0,0,0,0,'Sed non sequi ut incidunt voluptatum aut illum.',NULL,'2019-06-28 06:27:14','2019-07-04 18:20:42'),(80,'Est quam debitis vitae numquam sit eum.','Voluptatem minima explicabo quos omnis illum vero sed. Occaecati dolores voluptate dolore non eum adipisci praesentium. Occaecati dolorem rem alias id.',3,1,0,0,0,0,'Est quam debitis vitae numquam sit eum.',NULL,'2019-07-18 10:18:54','2019-07-18 23:32:42'),(81,'Sunt et quisquam possimus.','Reprehenderit quia quis voluptatem saepe. Assumenda atque quod praesentium ipsa. Autem et facilis quod sint.',4,2,0,0,0,0,'Sunt et quisquam possimus.',NULL,'2019-07-01 16:45:35','2019-07-20 01:36:15'),(82,'Corrupti molestiae et voluptas rerum.','Omnis porro iste perspiciatis sit aut. Nulla eum perferendis fuga quasi. Atque maxime cumque excepturi qui quia debitis. Eos explicabo dolores animi unde ipsum.',5,2,0,0,0,0,'Corrupti molestiae et voluptas rerum.',NULL,'2019-07-07 19:21:48','2019-07-22 09:15:00'),(83,'Qui in sint nulla rerum sed odit sit rerum.','Aut deleniti et dolorum aliquam inventore tempore. Et quis corporis quos quasi nobis dignissimos rerum. Dolores exercitationem nostrum maxime dolorem expedita.',1,4,0,0,0,0,'Qui in sint nulla rerum sed odit sit rerum.',NULL,'2019-07-01 15:41:31','2019-07-03 15:43:49'),(84,'Fugit accusamus necessitatibus veritatis corrupti rem voluptate.','Aut laboriosam quaerat facere sint explicabo itaque. Placeat nihil ut illum sint. Corrupti odit quod sit aut quia sit explicabo. Eligendi ipsum sit quaerat voluptatem.',1,1,0,0,0,0,'Fugit accusamus necessitatibus veritatis corrupti rem voluptate.',NULL,'2019-06-27 00:43:14','2019-07-23 06:53:48'),(85,'Architecto consequuntur vitae delectus et vitae optio quia.','Iusto deserunt esse quas. Praesentium rem consequatur facere perferendis vel sit omnis. Esse placeat sit quasi voluptatem ullam. Doloribus qui quia omnis dicta assumenda placeat aliquam excepturi.',4,4,0,0,0,0,'Architecto consequuntur vitae delectus et vitae optio quia.',NULL,'2019-07-07 07:28:50','2019-07-18 17:44:06'),(86,'Non aut facilis quia molestiae sit est aspernatur.','Modi mollitia nostrum aut eos. Voluptas voluptas est eius velit labore. Voluptatem eligendi corporis ab et id. Ipsa est amet et soluta.',2,4,0,0,0,0,'Non aut facilis quia molestiae sit est aspernatur.',NULL,'2019-06-27 05:43:56','2019-07-12 03:24:45'),(87,'Harum nostrum voluptatibus minima commodi.','Similique eum voluptatem optio iusto. Eum et qui labore dolorum aperiam ab. Maxime sequi optio praesentium aut ut. Aut iusto natus voluptatibus a voluptatem corrupti et.',4,4,0,0,0,0,'Harum nostrum voluptatibus minima commodi.',NULL,'2019-07-07 14:32:47','2019-07-08 09:55:58'),(88,'Et et architecto quis natus nesciunt porro qui.','Dolorem inventore eveniet omnis soluta architecto tenetur. Facere repellat eos laboriosam. Minus delectus natus recusandae totam et animi.',6,2,0,0,0,0,'Et et architecto quis natus nesciunt porro qui.',NULL,'2019-07-01 09:54:18','2019-07-12 12:04:10'),(89,'Ut aut qui libero.','Nihil harum ut quibusdam id aut et. Delectus eum quae exercitationem rerum. In sint impedit sed quae quis et.',6,2,0,0,0,0,'Ut aut qui libero.',NULL,'2019-06-27 22:08:06','2019-07-21 23:28:28'),(90,'Consequuntur natus qui neque sequi eaque.','Corporis magni laboriosam atque repellat magnam rerum et est. Non molestiae voluptates reprehenderit fugiat quis ab. Tenetur molestiae quidem consequatur consequatur soluta.',5,3,0,0,0,0,'Consequuntur natus qui neque sequi eaque.',NULL,'2019-06-26 07:54:20','2019-07-14 00:26:22'),(91,'Expedita et non voluptates corrupti quia.','Consequatur reprehenderit aliquam voluptatem laboriosam voluptas. Commodi sit cupiditate qui dolorum et laboriosam. Consectetur est voluptas consequatur at pariatur.',8,1,0,0,0,0,'Expedita et non voluptates corrupti quia.',NULL,'2019-06-27 23:38:53','2019-07-01 03:26:38'),(92,'Deleniti illum possimus voluptatum.','Quod impedit molestias eius quis quo. Dolores placeat rem optio voluptas beatae ratione. Nostrum labore in adipisci sed asperiores quia.',5,2,0,0,0,0,'Deleniti illum possimus voluptatum.',NULL,'2019-06-30 00:20:42','2019-07-04 15:27:21'),(93,'Velit odit in repellendus architecto alias eligendi.','Enim quisquam error dignissimos et. Doloremque qui alias ut est repellendus ut. Dolores cumque et perferendis autem vero. Aut repudiandae perspiciatis eum assumenda magni.',1,4,0,0,0,0,'Velit odit in repellendus architecto alias eligendi.',NULL,'2019-06-29 17:10:13','2019-07-07 05:51:22'),(94,'Quibusdam animi rem alias amet voluptatem.','Saepe ipsa et aut inventore voluptatem eos placeat dolor. Quidem eveniet voluptatum est.',4,1,0,0,0,0,'Quibusdam animi rem alias amet voluptatem.',NULL,'2019-06-28 07:46:06','2019-07-10 11:07:35'),(95,'Beatae hic molestiae ea porro.','Architecto ut optio animi et ea dignissimos. Et cum enim necessitatibus ipsa rem voluptates eveniet. Mollitia saepe deserunt suscipit veniam. Qui est vel in quia molestiae quia sit corrupti.',10,4,0,0,0,0,'Beatae hic molestiae ea porro.',NULL,'2019-07-03 18:50:20','2019-07-17 18:48:20'),(96,'Natus non possimus quia repudiandae.','Quaerat ut beatae est voluptatem. Sit aliquid voluptatem ipsam culpa asperiores. Incidunt beatae vel magni ut non minus molestiae.',8,2,0,0,0,0,'Natus non possimus quia repudiandae.',NULL,'2019-07-03 21:26:47','2019-07-10 23:44:22'),(97,'Doloribus consequuntur eveniet placeat natus.','Et voluptatem libero ut et veritatis ullam. Soluta minus dicta maxime temporibus delectus qui alias. Voluptate libero reprehenderit commodi ut. Excepturi quo dignissimos voluptatibus.',8,4,0,0,0,0,'Doloribus consequuntur eveniet placeat natus.',NULL,'2019-06-27 05:47:23','2019-06-27 19:16:57'),(98,'Sint est delectus in sint dolorum nesciunt.','Qui voluptate tenetur possimus rerum. Cum et nihil ipsa rerum. Ut velit laborum odio tenetur cum nam libero.',8,3,0,0,0,0,'Sint est delectus in sint dolorum nesciunt.',NULL,'2019-06-25 11:17:27','2019-06-27 17:55:12'),(99,'Similique nulla sapiente minus.','Tempore quo et cum qui ut. Sit dicta aliquid ut ut. Non alias est voluptatem similique modi consequuntur perspiciatis quaerat. Tempora aut maxime tempore vel nam rem.',3,3,0,0,0,0,'Similique nulla sapiente minus.',NULL,'2019-06-25 22:25:22','2019-07-09 23:06:23'),(100,'Ut quia eos consequatur aut.','Dolorem voluptas odit aperiam et in vitae. Sapiente minima qui qui enim ipsum non omnis. Et nihil aperiam autem ea. Doloremque placeat est vero tempore saepe quam quos.',7,3,0,0,0,0,'Ut quia eos consequatur aut.',NULL,'2019-06-25 19:41:12','2019-07-03 00:44:13');
/*!40000 ALTER TABLE `topics` ENABLE KEYS */;
UNLOCK TABLES;

--
-- Table structure for table `users`
--

DROP TABLE IF EXISTS `users`;
/*!40101 SET @saved_cs_client     = @@character_set_client */;
/*!40101 SET character_set_client = utf8 */;
CREATE TABLE `users` (
  `id` bigint(20) unsigned NOT NULL AUTO_INCREMENT,
  `name` varchar(255) COLLATE utf8mb4_unicode_ci NOT NULL,
  `email` varchar(255) COLLATE utf8mb4_unicode_ci NOT NULL,
  `email_verified_at` timestamp NULL DEFAULT NULL,
  `password` varchar(255) COLLATE utf8mb4_unicode_ci NOT NULL,
  `remember_token` varchar(100) COLLATE utf8mb4_unicode_ci DEFAULT NULL,
  `created_at` timestamp NULL DEFAULT NULL,
  `updated_at` timestamp NULL DEFAULT NULL,
  `avatar` varchar(255) COLLATE utf8mb4_unicode_ci DEFAULT NULL,
  `introduction` varchar(255) COLLATE utf8mb4_unicode_ci DEFAULT NULL,
  `notification_count` int(10) unsigned NOT NULL DEFAULT '0',
  `last_actived_at` timestamp NULL DEFAULT NULL,
  PRIMARY KEY (`id`),
  UNIQUE KEY `users_email_unique` (`email`)
) ENGINE=InnoDB AUTO_INCREMENT=13 DEFAULT CHARSET=utf8mb4 COLLATE=utf8mb4_unicode_ci;
/*!40101 SET character_set_client = @saved_cs_client */;

--
-- Dumping data for table `users`
--

LOCK TABLES `users` WRITE;
/*!40000 ALTER TABLE `users` DISABLE KEYS */;
INSERT INTO `users` VALUES (1,'Summer','906280211@qq.com','2019-07-25 07:25:01','$2y$10$x8QruHEXdvMx.DKXilJkIeAJ9ThKHPcgasIfhCCaC1B4UHeLo8IoK','QRfoDOJkcA','2013-12-14 15:33:31','2019-07-25 07:25:01','https://iocaffcdn.phphub.org/uploads/images/201710/14/1/ZqM7iaP4CR.png','Id tempore rerum laudantium praesentium fuga.',0,NULL),(2,'Cortez Reilly','keely.hartmann@example.org','2019-07-25 07:25:01','$2y$10$TKh8H1.PfQx37YgCzwiKb.KjNyWgaHb9cbcoQgdIVFlYg7B77UdFm','E69KgOIXFo','1970-02-28 10:05:34','1970-02-28 10:05:34','https://iocaffcdn.phphub.org/uploads/images/201710/14/1/ZqM7iaP4CR.png','Est consequatur voluptatem corporis libero tempore harum aut.',0,NULL),(3,'Vincenza Kreiger','vivian90@example.net','2019-07-25 07:25:01','$2y$10$TKh8H1.PfQx37YgCzwiKb.KjNyWgaHb9cbcoQgdIVFlYg7B77UdFm','QfkJVMFLTq','1978-08-05 13:08:24','1978-08-05 13:08:24','https://iocaffcdn.phphub.org/uploads/images/201710/14/1/s5ehp11z6s.png','Cupiditate quia modi sed quo et.',0,NULL),(4,'Elaina Kovacek','zcormier@example.org','2019-07-25 07:25:01','$2y$10$TKh8H1.PfQx37YgCzwiKb.KjNyWgaHb9cbcoQgdIVFlYg7B77UdFm','shshQkKm5m','1977-10-18 05:02:45','1977-10-18 05:02:45','https://iocaffcdn.phphub.org/uploads/images/201710/14/1/ZqM7iaP4CR.png','Et non placeat earum libero deleniti tenetur.',0,NULL),(5,'Lacy Cassin','johnston.alanna@example.com','2019-07-25 07:25:01','$2y$10$TKh8H1.PfQx37YgCzwiKb.KjNyWgaHb9cbcoQgdIVFlYg7B77UdFm','mCEUb1cVYo','1995-10-18 04:31:18','1995-10-18 04:31:18','https://iocaffcdn.phphub.org/uploads/images/201710/14/1/NDnzMutoxX.png','Ipsam sunt eum eius.',0,NULL),(6,'Hannah Kirlin','winifred.mitchell@example.net','2019-07-25 07:25:01','$2y$10$TKh8H1.PfQx37YgCzwiKb.KjNyWgaHb9cbcoQgdIVFlYg7B77UdFm','IWPDFXxpx1','2019-05-01 00:14:52','2019-05-01 00:14:52','https://iocaffcdn.phphub.org/uploads/images/201710/14/1/ZqM7iaP4CR.png','Odit vitae et et nam aperiam.',0,NULL),(7,'Mrs. Bessie Koelpin III','bashirian.coty@example.org','2019-07-25 07:25:01','$2y$10$TKh8H1.PfQx37YgCzwiKb.KjNyWgaHb9cbcoQgdIVFlYg7B77UdFm','EcNm3azoo5','2011-05-11 14:10:27','2011-05-11 14:10:27','https://iocaffcdn.phphub.org/uploads/images/201710/14/1/LOnMrqbHJn.png','Et cum aut sit.',0,NULL),(8,'Dr. Naomie Hand DDS','bridgette90@example.org','2019-07-25 07:25:01','$2y$10$TKh8H1.PfQx37YgCzwiKb.KjNyWgaHb9cbcoQgdIVFlYg7B77UdFm','lXYoc1ucdk','1975-02-14 02:44:12','1975-02-14 02:44:12','https://iocaffcdn.phphub.org/uploads/images/201710/14/1/xAuDMxteQy.png','Excepturi quo odit et in aliquam rerum corrupti.',0,NULL),(9,'Prof. Jeff Schulist DDS','vschulist@example.net','2019-07-25 07:25:01','$2y$10$TKh8H1.PfQx37YgCzwiKb.KjNyWgaHb9cbcoQgdIVFlYg7B77UdFm','dg4DWT12Yw','2011-08-17 15:57:29','2011-08-17 15:57:29','https://iocaffcdn.phphub.org/uploads/images/201710/14/1/s5ehp11z6s.png','Dolorum et dolores laborum tempore praesentium magnam saepe.',0,NULL),(10,'Veronica Casper DDS','frogahn@example.org','2019-07-25 07:25:01','$2y$10$TKh8H1.PfQx37YgCzwiKb.KjNyWgaHb9cbcoQgdIVFlYg7B77UdFm','AFXHEIBmDM','1973-09-22 22:02:52','1973-09-22 22:02:52','https://iocaffcdn.phphub.org/uploads/images/201710/14/1/Lhd1SHqu86.png','Sit eos amet sapiente sed quia in.',0,NULL),(12,'fan','906280213@qq.com',NULL,'$2y$10$TAnKTJ4KYsew3WtNaVW7vulmHwV2L8bULhJfboyXbRFit3fICIH7m',NULL,'2019-07-25 08:13:02','2019-07-25 08:13:02','https://iocaffcdn.phphub.org/uploads/images/201710/30/1/TrJS40Ey5k.png',NULL,0,NULL);
/*!40000 ALTER TABLE `users` ENABLE KEYS */;
UNLOCK TABLES;
/*!40103 SET TIME_ZONE=@OLD_TIME_ZONE */;

/*!40101 SET SQL_MODE=@OLD_SQL_MODE */;
/*!40014 SET FOREIGN_KEY_CHECKS=@OLD_FOREIGN_KEY_CHECKS */;
/*!40014 SET UNIQUE_CHECKS=@OLD_UNIQUE_CHECKS */;
/*!40101 SET CHARACTER_SET_CLIENT=@OLD_CHARACTER_SET_CLIENT */;
/*!40101 SET CHARACTER_SET_RESULTS=@OLD_CHARACTER_SET_RESULTS */;
/*!40101 SET COLLATION_CONNECTION=@OLD_COLLATION_CONNECTION */;
/*!40111 SET SQL_NOTES=@OLD_SQL_NOTES */;

-- Dump completed on 2019-07-25 18:23:41
